id	name	category	provided_by
WikiPathways:WP5587	2-phenylethanol biosynthesis	biolink:Pathway	infores:pathwaymech
NCBITaxon:4932	Saccharomyces cerevisiae	biolink:OrganismTaxon	infores:pathwaymech
CHEBI:18150	3-Deoxy-D-arabino-heptulosonic acid 7-phosphate	biolink:SmallMolecule	infores:pathwaymech
CHEBI:16119	Shikimate	biolink:SmallMolecule	infores:pathwaymech
CHEBI:4167	Glucose	biolink:SmallMolecule	infores:pathwaymech
CHEBI:49000	2-phenylethanol	biolink:SmallMolecule	infores:pathwaymech
CHEBI:58095	phenylalanine	biolink:SmallMolecule	infores:pathwaymech
CHEBI:48153	Erythrose-4-phosphate	biolink:SmallMolecule	infores:pathwaymech
CHEBI:29748	Chorismate	biolink:SmallMolecule	infores:pathwaymech
CHEBI:58702	Phosphoenolpyruvate	biolink:SmallMolecule	infores:pathwaymech
WikiPathways:WP5587/id32159333	3-Deoxy-D-arabino-heptulosonic acid 7-phosphate to Shikimate GPML interaction	biolink:BiochemicalReaction	infores:pathwaymech
WikiPathways:WP5587/id5c945cbf	Glucose to Glucose 6-phosphate GPML interaction	biolink:BiochemicalReaction	infores:pathwaymech
WikiPathways:WP5587/id7ed21248	Phenylacetaldehyde to 2-phenylethanol GPML interaction	biolink:BiochemicalReaction	infores:pathwaymech
WikiPathways:WP5587/id864096aa	phenylpyruvate and phenylalanine reversible GPML interaction	biolink:BiochemicalReaction	infores:pathwaymech
WikiPathways:WP5587/id88645eca	Erythrose-4-phosphate to 3-Deoxy-D-arabino-heptulosonic acid 7-phosphate GPML interaction	biolink:BiochemicalReaction	infores:pathwaymech
WikiPathways:WP5587/idbd32b592	Shikimate to Chorismate GPML interaction	biolink:BiochemicalReaction	infores:pathwaymech
WikiPathways:WP5587/idc5e5e165	Phosphoenolpyruvate to 3-Deoxy-D-arabino-heptulosonic acid 7-phosphate GPML interaction	biolink:BiochemicalReaction	infores:pathwaymech
WikiPathways:WP5587/idda151004	Chorismate to Prephenate GPML interaction	biolink:BiochemicalReaction	infores:pathwaymech
WikiPathways:WP5587/idf0d0e924	Glucose 6-phosphate to Phosphoenolpyruvate GPML interaction	biolink:BiochemicalReaction	infores:pathwaymech
WikiPathways:WP5587/idf107e51d	Glucose 6-phosphate to Erythrose-4-phosphate GPML interaction	biolink:BiochemicalReaction	infores:pathwaymech
MetaCyc:PWY-6543	4-aminobenzoate biosynthesis I	biolink:Pathway	infores:pathwaymech
NCBITaxon:562	Escherichia coli	biolink:OrganismTaxon	infores:pathwaymech
EC:2.6.1.85	aminodeoxychorismate synthase	biolink:MolecularActivity	infores:pathwaymech
EC:4.1.3.38	aminodeoxychorismate lyase	biolink:MolecularActivity	infores:pathwaymech
CHEBI:58359	L-glutamine	biolink:SmallMolecule	infores:pathwaymech
CHEBI:58406	4-amino-4-deoxychorismate	biolink:SmallMolecule	infores:pathwaymech
CHEBI:29985	L-glutamate	biolink:SmallMolecule	infores:pathwaymech
CHEBI:17836	4-aminobenzoate	biolink:SmallMolecule	infores:pathwaymech
CHEBI:15361	pyruvate	biolink:SmallMolecule	infores:pathwaymech
CHEBI:15378	H+	biolink:SmallMolecule	infores:pathwaymech
RHEA:11673	aminodeoxychorismate synthase reaction	biolink:BiochemicalReaction	infores:pathwaymech
RHEA:16202	aminodeoxychorismate lyase reaction	biolink:BiochemicalReaction	infores:pathwaymech
gomodel:YeastPathways_YEAST-4AMINOBUTMETAB-PWY	4-aminobutyrate degradation	biolink:Pathway	infores:pathwaymech
NCBITaxon:559292	Saccharomyces cerevisiae S288C	biolink:OrganismTaxon	infores:pathwaymech
CHEBI:13390	NAD(P)(+)	biolink:SmallMolecule	infores:pathwaymech
CHEBI:30031	succinate(2-)	biolink:SmallMolecule	infores:pathwaymech
CHEBI:59888	gamma-aminobutyric acid zwitterion	biolink:SmallMolecule	infores:pathwaymech
CHEBI:15377	water	biolink:SmallMolecule	infores:pathwaymech
SGD:S000000210	UGA2 Scer	biolink:GeneOrGeneProduct	infores:pathwaymech
CHEBI:57706	4-oxobutanoate	biolink:SmallMolecule	infores:pathwaymech
CHEBI:13392	NAD(P)H	biolink:SmallMolecule	infores:pathwaymech
SGD:S000003251	UGA1 Scer	biolink:GeneOrGeneProduct	infores:pathwaymech
CHEBI:16810	2-oxoglutarate(2-)	biolink:SmallMolecule	infores:pathwaymech
gomodel:RXN0-5293	succinate semialdehyde + NAD(P)<sup>+</sup> + H<sub>2</sub>O -> succinate + NAD(P)H + 2 H<SUP>+</SUP>	biolink:BiochemicalReaction	infores:pathwaymech
gomodel:GABATRANSAM-RXN	2-oxoglutarate + 4-aminobutanoate <=> L-glutamate + succinate semialdehyde	biolink:BiochemicalReaction	infores:pathwaymech
MetaCyc:PWY-6121	5-aminoimidazole ribonucleotide biosynthesis I	biolink:Pathway	infores:pathwaymech
EC:2.4.2.14	amidophosphoribosyltransferase	biolink:MolecularActivity	infores:pathwaymech
EC:6.3.4.13	phosphoribosylamine-glycine ligase	biolink:MolecularActivity	infores:pathwaymech
EC:2.1.2.2	phosphoribosylglycinamide formyltransferase	biolink:MolecularActivity	infores:pathwaymech
EC:6.3.5.3	phosphoribosylformylglycinamidine synthase	biolink:MolecularActivity	infores:pathwaymech
EC:6.3.3.1	phosphoribosylformylglycinamidine cyclo-ligase	biolink:MolecularActivity	infores:pathwaymech
CHEBI:58017	5-phospho-alpha-D-ribose 1-diphosphate	biolink:SmallMolecule	infores:pathwaymech
CHEBI:58681	5-phospho-beta-D-ribosylamine	biolink:SmallMolecule	infores:pathwaymech
CHEBI:33019	diphosphate	biolink:SmallMolecule	infores:pathwaymech
CHEBI:57305	glycine	biolink:SmallMolecule	infores:pathwaymech
CHEBI:30616	ATP	biolink:SmallMolecule	infores:pathwaymech
CHEBI:143788	N(1)-(5-phospho-beta-D-ribosyl)glycinamide	biolink:SmallMolecule	infores:pathwaymech
CHEBI:456216	ADP	biolink:SmallMolecule	infores:pathwaymech
CHEBI:43474	phosphate	biolink:SmallMolecule	infores:pathwaymech
CHEBI:195366	(6R)-10-formyltetrahydrofolate	biolink:SmallMolecule	infores:pathwaymech
CHEBI:147286	N(2)-formyl-N(1)-(5-phospho-beta-D-ribosyl)glycinamide	biolink:SmallMolecule	infores:pathwaymech
CHEBI:57453	(6S)-5,6,7,8-tetrahydrofolate	biolink:SmallMolecule	infores:pathwaymech
CHEBI:147287	2-formamido-N(1)-(5-O-phospho-beta-D-ribosyl)acetamidine	biolink:SmallMolecule	infores:pathwaymech
CHEBI:137981	5-amino-1-(5-phospho-beta-D-ribosyl)imidazole	biolink:SmallMolecule	infores:pathwaymech
RHEA:14907	amidophosphoribosyltransferase reaction	biolink:BiochemicalReaction	infores:pathwaymech
RHEA:17454	phosphoribosylamine-glycine ligase reaction	biolink:BiochemicalReaction	infores:pathwaymech
RHEA:15054	phosphoribosylglycinamide formyltransferase reaction	biolink:BiochemicalReaction	infores:pathwaymech
RHEA:17130	phosphoribosylformylglycinamidine synthase reaction	biolink:BiochemicalReaction	infores:pathwaymech
RHEA:23033	phosphoribosylformylglycinamidine cyclo-ligase reaction	biolink:BiochemicalReaction	infores:pathwaymech
MetaCyc:PWY-6122	5-aminoimidazole ribonucleotide biosynthesis II	biolink:Pathway	infores:pathwaymech
EC:6.3.1.21	phosphoribosylglycinamide formyltransferase 2	biolink:MolecularActivity	infores:pathwaymech
CHEBI:15740	formate	biolink:SmallMolecule	infores:pathwaymech
RHEA:24830	phosphoribosylglycinamide formyltransferase 2 reaction	biolink:BiochemicalReaction	infores:pathwaymech
gomodel:YeastPathways_PWY-6147	6-hydroxymethyl-dihydropterin diphosphate biosynthesis I	biolink:Pathway	infores:pathwaymech
SGD:S000003499	FOL2 Scer	biolink:GeneOrGeneProduct	infores:pathwaymech
CHEBI:37565	GTP(4-)	biolink:SmallMolecule	infores:pathwaymech
CHEBI:58462	7,8-dihydroneopterin 3'-triphosphate(4-)	biolink:SmallMolecule	infores:pathwaymech
CHEBI:29888	diphosphoric acid	biolink:SmallMolecule	infores:pathwaymech
CHEBI:58762	7,8-dihydroneopterin 3'-phosphate(2-)	biolink:SmallMolecule	infores:pathwaymech
CHEBI:17001	7,8-dihydroneopterin	biolink:SmallMolecule	infores:pathwaymech
SGD:S000005200	FOL1 Scer	biolink:GeneOrGeneProduct	infores:pathwaymech
CHEBI:17071	glycolaldehyde	biolink:SmallMolecule	infores:pathwaymech
CHEBI:44841	2-amino-6-(hydroxymethyl)-7,8-dihydropteridin-4-one	biolink:SmallMolecule	infores:pathwaymech
CHEBI:73083	(7,8-dihydropterin-6-yl)methyl diphosphate	biolink:SmallMolecule	infores:pathwaymech
CHEBI:456215	adenosine 5'-monophosphate(2-)	biolink:SmallMolecule	infores:pathwaymech
gomodel:GTP-CYCLOHYDRO-I-RXN	GTP cyclohydrolase I activity	biolink:BiochemicalReaction	infores:pathwaymech
gomodel:H2NEOPTERINP3PYROPHOSPHOHYDRO-RXN	dihydroneopterin triphosphate pyrophosphohydrolase activity	biolink:BiochemicalReaction	infores:pathwaymech
gomodel:DIHYDRONEOPTERIN-MONO-P-DEPHOS-RXN	hydrolase activity, acting on acid anhydrides, in phosphorus-containing anhydrides	biolink:BiochemicalReaction	infores:pathwaymech
gomodel:H2NEOPTERINALDOL-RXN	dihydroneopterin aldolase activity	biolink:BiochemicalReaction	infores:pathwaymech
gomodel:H2PTERIDINEPYROPHOSPHOKIN-RXN	2-amino-4-hydroxy-6-hydroxymethyldihydropteridine diphosphokinase activity	biolink:BiochemicalReaction	infores:pathwaymech
MetaCyc:PWY0-1312	acetate and ATP formation from acetyl-CoA I	biolink:Pathway	infores:pathwaymech
NCBITaxon:2336	Thermotoga maritima	biolink:OrganismTaxon	infores:pathwaymech
EC:2.3.1.8	phosphate acetyltransferase	biolink:MolecularActivity	infores:pathwaymech
EC:2.7.2.1	acetate kinase	biolink:MolecularActivity	infores:pathwaymech
CHEBI:57288	acetyl-CoA	biolink:SmallMolecule	infores:pathwaymech
CHEBI:22191	acetyl phosphate	biolink:SmallMolecule	infores:pathwaymech
CHEBI:57287	CoA	biolink:SmallMolecule	infores:pathwaymech
CHEBI:30089	acetate	biolink:SmallMolecule	infores:pathwaymech
RHEA:19522	phosphate acetyltransferase reaction	biolink:BiochemicalReaction	infores:pathwaymech
RHEA:11354	acetate kinase reaction	biolink:BiochemicalReaction	infores:pathwaymech
WikiPathways:WP5019	Acetogenesis	biolink:Pathway	infores:pathwaymech
NCBITaxon:33952	Acetobacterium woodii	biolink:OrganismTaxon	infores:pathwaymech
CHEBI:16526	carbon dioxide	biolink:SmallMolecule	infores:pathwaymech
CHEBI:15637	10-formyltetrahydrofolate	biolink:SmallMolecule	infores:pathwaymech
CHEBI:15638	5,10-methenyltetrahydrofolate	biolink:SmallMolecule	infores:pathwaymech
CHEBI:1989	5,10-methylenetetrahydrofolate	biolink:SmallMolecule	infores:pathwaymech
CHEBI:15641	5-methyltetrahydrofolate	biolink:SmallMolecule	infores:pathwaymech
CHEBI:32875	methyl	biolink:SmallMolecule	infores:pathwaymech
CHEBI:17245	carbon monoxide	biolink:SmallMolecule	infores:pathwaymech
CHEBI:15351	acetyl-CoA	biolink:SmallMolecule	infores:pathwaymech
CHEBI:15350	acetyl phosphate	biolink:SmallMolecule	infores:pathwaymech
CHEBI:17908	oxidized ferredoxin	biolink:SmallMolecule	infores:pathwaymech
CHEBI:17513	reduced ferredoxin	biolink:SmallMolecule	infores:pathwaymech
CHEBI:57540	NAD(+)	biolink:SmallMolecule	infores:pathwaymech
CHEBI:16908	NADH	biolink:SmallMolecule	infores:pathwaymech
CHEBI:18276	dihydrogen	biolink:SmallMolecule	infores:pathwaymech
WikiPathways:WP5019/idee9950c3	carbon dioxide to formate GPML interaction	biolink:BiochemicalReaction	infores:pathwaymech
WikiPathways:WP5019/idcb0cc195	formate to 10-formyltetrahydrofolate GPML interaction	biolink:BiochemicalReaction	infores:pathwaymech
WikiPathways:WP5019/id59fbd0e3	10-formyltetrahydrofolate to 5,10-methenyltetrahydrofolate GPML interaction	biolink:BiochemicalReaction	infores:pathwaymech
WikiPathways:WP5019/id192c7b4a	5,10-methenyltetrahydrofolate to 5,10-methylenetetrahydrofolate GPML interaction	biolink:BiochemicalReaction	infores:pathwaymech
WikiPathways:WP5019/ide2e37f0	5,10-methylenetetrahydrofolate to 5-methyltetrahydrofolate GPML interaction	biolink:BiochemicalReaction	infores:pathwaymech
WikiPathways:WP5019/id8e976caf	5-methyltetrahydrofolate to methyl GPML interaction	biolink:BiochemicalReaction	infores:pathwaymech
WikiPathways:WP5019/id48aa4469	carbon dioxide to carbon monoxide GPML interaction	biolink:BiochemicalReaction	infores:pathwaymech
WikiPathways:WP5019/ideb932d04	carbon monoxide to acetyl-CoA GPML interaction	biolink:BiochemicalReaction	infores:pathwaymech
WikiPathways:WP5019/id48bab90b	acetyl-CoA to acetyl phosphate GPML interaction	biolink:BiochemicalReaction	infores:pathwaymech
WikiPathways:WP5019/e7431	acetyl phosphate to acetate GPML interaction	biolink:BiochemicalReaction	infores:pathwaymech
WikiPathways:WP5019/id4f3af248	oxidized ferredoxin reduction GPML interaction	biolink:BiochemicalReaction	infores:pathwaymech
WikiPathways:WP5019/idb70e2922	NADH production GPML interaction	biolink:BiochemicalReaction	infores:pathwaymech
WikiPathways:WP5019/idf6f6d75	dihydrogen to proton GPML interaction	biolink:BiochemicalReaction	infores:pathwaymech
gomodel:YeastPathways_PWY-7220-1	adenosine deoxyribonucleotides de novo biosynthesis II	biolink:Pathway	infores:pathwaymech
SGD:S000217933	CPX-1102 Scer	biolink:GeneOrGeneProduct	infores:pathwaymech
CHEBI:15967	thioredoxin dithiol	biolink:SmallMolecule	infores:pathwaymech
CHEBI:57667	dADP(3-)	biolink:SmallMolecule	infores:pathwaymech
CHEBI:18191	thioredoxin disulfide	biolink:SmallMolecule	infores:pathwaymech
SGD:S000217934	CPX-1103 Scer	biolink:GeneOrGeneProduct	infores:pathwaymech
SGD:S000001550	YNK1 Scer	biolink:GeneOrGeneProduct	infores:pathwaymech
CHEBI:61404	dATP(4-)	biolink:SmallMolecule	infores:pathwaymech
gomodel:ADPREDUCT-RXN	ribonucleoside-diphosphate reductase activity, thioredoxin disulfide as acceptor	biolink:BiochemicalReaction	infores:pathwaymech
gomodel:YeastPathways_PWY-7220-1/6a2b236300005372	ribonucleoside-diphosphate reductase activity, thioredoxin disulfide as acceptor	biolink:BiochemicalReaction	infores:pathwaymech
gomodel:DADPKIN-RXN	nucleoside diphosphate kinase activity	biolink:BiochemicalReaction	infores:pathwaymech
gomodel:RXN0-745	formate + ATP + H<SUP>+</SUP> &rarr; CO<SUB>2</SUB> + dATP + H<sub>2</sub>O	biolink:BiochemicalReaction	infores:pathwaymech
gomodel:YeastPathways_PWY-7219	adenosine ribonucleotides de novo biosynthesis	biolink:Pathway	infores:pathwaymech
SGD:S000005164	ADE12 Scer	biolink:GeneOrGeneProduct	infores:pathwaymech
CHEBI:58053	IMP(2-)	biolink:SmallMolecule	infores:pathwaymech
CHEBI:29991	L-aspartate(1-)	biolink:SmallMolecule	infores:pathwaymech
CHEBI:57567	N(6)-(1,2-dicarboxylatoethyl)-AMP(4-)	biolink:SmallMolecule	infores:pathwaymech
CHEBI:58189	GDP(3-)	biolink:SmallMolecule	infores:pathwaymech
SGD:S000004351	ADE13 Scer	biolink:GeneOrGeneProduct	infores:pathwaymech
CHEBI:29806	fumarate(2-)	biolink:SmallMolecule	infores:pathwaymech
SGD:S000000972	ADK2 Scer	biolink:GeneOrGeneProduct	infores:pathwaymech
SGD:S000002634	ADK1 Scer	biolink:GeneOrGeneProduct	infores:pathwaymech
gomodel:ADENYLOSUCCINATE-SYNTHASE-RXN	adenylosuccinate synthase activity	biolink:BiochemicalReaction	infores:pathwaymech
gomodel:AMPSYN-RXN	N6-(1,2-dicarboxyethyl)AMP AMP-lyase (fumarate-forming) activity	biolink:BiochemicalReaction	infores:pathwaymech
gomodel:YeastPathways_PWY-7219/6a4c244800000590	AMP kinase activity	biolink:BiochemicalReaction	infores:pathwaymech
gomodel:ADENYL-KIN-RXN	AMP kinase activity	biolink:BiochemicalReaction	infores:pathwaymech
gomodel:YeastPathways_AERO-GLYCEROL-CAT-PWY	aerobic glycerol degradation	biolink:Pathway	infores:pathwaymech
SGD:S000001024	GUT1 Scer	biolink:GeneOrGeneProduct	infores:pathwaymech
SGD:S000001417	GUT2 Scer	biolink:GeneOrGeneProduct	infores:pathwaymech
CHEBI:17754	glycerol	biolink:SmallMolecule	infores:pathwaymech
CHEBI:57597	sn-glycerol 3-phosphate(2-)	biolink:SmallMolecule	infores:pathwaymech
CHEBI:52971	ubiquinone-6	biolink:SmallMolecule	infores:pathwaymech
CHEBI:52970	ubiquinol-6	biolink:SmallMolecule	infores:pathwaymech
CHEBI:57642	glycerone phosphate(2-)	biolink:SmallMolecule	infores:pathwaymech
gomodel:GLYCEROL-KIN-RXN	glycerol kinase activity	biolink:BiochemicalReaction	infores:pathwaymech
gomodel:RXN3O-9815	glycerol-3-phosphate dehydrogenase (quinone) activity	biolink:BiochemicalReaction	infores:pathwaymech
gomodel:YeastPathways_PWY-5694	allantoin degradation to glyoxylate I	biolink:Pathway	infores:pathwaymech
SGD:S000001466	DAL1 Scer	biolink:GeneOrGeneProduct	infores:pathwaymech
CHEBI:15678	(S)-(+)-allantoin	biolink:SmallMolecule	infores:pathwaymech
CHEBI:17536	allantoate	biolink:SmallMolecule	infores:pathwaymech
SGD:S000001468	DAL2 Scer	biolink:GeneOrGeneProduct	infores:pathwaymech
CHEBI:16199	urea	biolink:SmallMolecule	infores:pathwaymech
CHEBI:57296	(-)-ureidoglycolate	biolink:SmallMolecule	infores:pathwaymech
SGD:S000001471	DAL3 Scer	biolink:GeneOrGeneProduct	infores:pathwaymech
CHEBI:36655	glyoxylate	biolink:SmallMolecule	infores:pathwaymech
gomodel:ALLANTOINASE-RXN	allantoinase activity	biolink:BiochemicalReaction	infores:pathwaymech
gomodel:ALLANTOICASE-RXN	allantoicase activity	biolink:BiochemicalReaction	infores:pathwaymech
gomodel:UREIDOGLYCOLATE-LYASE-RXN	ureidoglycolate lyase activity	biolink:BiochemicalReaction	infores:pathwaymech
gomodel:YeastPathways_PWY-5697	allantoin degradation to ureidoglycolate I (urea producing)	biolink:Pathway	infores:pathwaymech
gomodel:YeastPathways_ASPBIO-PWY	aspartate biosynthesis	biolink:Pathway	infores:pathwaymech
SGD:S000004017	AAT2 Scer	biolink:GeneOrGeneProduct	infores:pathwaymech
CHEBI:16452	oxaloacetate(2-)	biolink:SmallMolecule	infores:pathwaymech
SGD:S000001589	AAT1 Scer	biolink:GeneOrGeneProduct	infores:pathwaymech
SGD:S000003030	PYC1 Scer	biolink:GeneOrGeneProduct	infores:pathwaymech
CHEBI:17544	hydrogencarbonate	biolink:SmallMolecule	infores:pathwaymech
SGD:S000000422	PYC2 Scer	biolink:GeneOrGeneProduct	infores:pathwaymech
gomodel:YeastPathways_ASPBIO-PWY/6a4c244800002268	L-aspartate:2-oxoglutarate transaminase activity	biolink:BiochemicalReaction	infores:pathwaymech
gomodel:ASPAMINOTRANS-RXN	L-aspartate:2-oxoglutarate transaminase activity	biolink:BiochemicalReaction	infores:pathwaymech
gomodel:PYRUVATE-CARBOXYLASE-RXN	pyruvate carboxylase activity	biolink:BiochemicalReaction	infores:pathwaymech
gomodel:YeastPathways_ASPBIO-PWY/6a4c244800002248	pyruvate carboxylase activity	biolink:BiochemicalReaction	infores:pathwaymech
gomodel:YeastPathways_SO4ASSIM-PWY	assimilatory sulfate reduction I	biolink:Pathway	infores:pathwaymech
CHEBI:16136	hydrogen sulfide	biolink:SmallMolecule	infores:pathwaymech
SGD:S000001484	MET14 Scer	biolink:GeneOrGeneProduct	infores:pathwaymech
CHEBI:57783	NADPH(4-)	biolink:SmallMolecule	infores:pathwaymech
SGD:S000003771	MET3 Scer	biolink:GeneOrGeneProduct	infores:pathwaymech
CHEBI:17359	sulfite	biolink:SmallMolecule	infores:pathwaymech
SGD:S000217821	CPX-3163 Scer	biolink:GeneOrGeneProduct	infores:pathwaymech
CHEBI:58349	NADP(3-)	biolink:SmallMolecule	infores:pathwaymech
CHEBI:58243	5'-adenylyl sulfate(2-)	biolink:SmallMolecule	infores:pathwaymech
CHEBI:15033	thioredoxin	biolink:SmallMolecule	infores:pathwaymech
CHEBI:58343	adenosine 3',5'-bismonophosphate(4-)	biolink:SmallMolecule	infores:pathwaymech
CHEBI:58339	3'-phosphonato-5'-adenylyl sulfate(4-)	biolink:SmallMolecule	infores:pathwaymech
CHEBI:16189	sulfate	biolink:SmallMolecule	infores:pathwaymech
SGD:S000006371	MET16 Scer	biolink:GeneOrGeneProduct	infores:pathwaymech
gomodel:SULFITE-REDUCT-RXN	hydrogen sulfide + 3 NADP<sup>+</sup> + 3 H<sub>2</sub>O <- sulfite + 3 NADPH + 5 H<SUP>+</SUP>	biolink:BiochemicalReaction	infores:pathwaymech
gomodel:ADENYLYLSULFKIN-RXN	adenosine 5'-phosphosulfate + ATP <=> 3'-phosphoadenylyl-sulfate + ADP + H<SUP>+</SUP>	biolink:BiochemicalReaction	infores:pathwaymech
gomodel:SULFATE-ADENYLYLTRANS-RXN	sulfate + ATP + H<SUP>+</SUP> <=> adenosine 5'-phosphosulfate + diphosphate	biolink:BiochemicalReaction	infores:pathwaymech
gomodel:1.8.4.8-RXN	adenosine 3',5'-bisphosphate + sulfite + an oxidized thioredoxin + 2 H<SUP>+</SUP> <=> 3'-phosphoadenylyl-sulfate + a reduced thioredoxin	biolink:BiochemicalReaction	infores:pathwaymech
gomodel:YeastPathways_PWY-5760-1	beta-alanine biosynthesis IV	biolink:Pathway	infores:pathwaymech
SGD:S000004622	FMS1 Scer	biolink:GeneOrGeneProduct	infores:pathwaymech
CHEBI:45725	spermine(4+)	biolink:SmallMolecule	infores:pathwaymech
CHEBI:15379	dioxygen	biolink:SmallMolecule	infores:pathwaymech
CHEBI:16240	hydrogen peroxide	biolink:SmallMolecule	infores:pathwaymech
CHEBI:58374	3-ammoniopropanal	biolink:SmallMolecule	infores:pathwaymech
CHEBI:57834	spermidine(3+)	biolink:SmallMolecule	infores:pathwaymech
SGD:S000004780	ALD2 Scer	biolink:GeneOrGeneProduct	infores:pathwaymech
CHEBI:57966	beta-alanine zwitterion	biolink:SmallMolecule	infores:pathwaymech
CHEBI:57945	NADH(2-)	biolink:SmallMolecule	infores:pathwaymech
SGD:S000004779	ALD3 Scer	biolink:GeneOrGeneProduct	infores:pathwaymech
gomodel:RXN-9015	N(1)-acetylpolyamine oxidase activity	biolink:BiochemicalReaction	infores:pathwaymech
gomodel:3-PROPANAL-DEHYDROGENASE-RXN	aldehyde dehydrogenase (NAD+) activity	biolink:BiochemicalReaction	infores:pathwaymech
gomodel:YeastPathways_PWY-5760-1/6a46ef0600000716	aldehyde dehydrogenase (NAD+) activity	biolink:BiochemicalReaction	infores:pathwaymech
gomodel:YeastPathways_PWY3O-4	carnitine shuttle	biolink:Pathway	infores:pathwaymech
SGD:S000004506	CAT2 Scer	biolink:GeneOrGeneProduct	infores:pathwaymech
SGD:S000000080	YAT1 Scer	biolink:GeneOrGeneProduct	infores:pathwaymech
CHEBI:16347	(R)-carnitine	biolink:SmallMolecule	infores:pathwaymech
CHEBI:57589	O-acetyl-L-carnitine	biolink:SmallMolecule	infores:pathwaymech
SGD:S000000826	YAT2 Scer	biolink:GeneOrGeneProduct	infores:pathwaymech
gomodel:CARNITINE-O-ACETYLTRANSFERASE-RXN	L-carnitine + acetyl-CoA <=> <i>O</i>-acetyl-L-carnitine + coenzyme A	biolink:BiochemicalReaction	infores:pathwaymech
gomodel:YeastPathways_PWY3O-4/6a46ef0600000742	carnitine O-acetyltransferase activity	biolink:BiochemicalReaction	infores:pathwaymech
gomodel:YeastPathways_PWY3O-4/6a46ef0600000733	carnitine O-acetyltransferase activity	biolink:BiochemicalReaction	infores:pathwaymech
gomodel:RXN3O-37	L-carnitine<SUB>[mitochondrial lumen]</SUB> + acetyl-CoA<SUB>[mitochondrial lumen]</SUB> <- <i>O</i>-acetyl-L-carnitine<SUB>[mitochondrial lumen]</SUB> + coenzyme A<SUB>[mitochondrial lumen]</SUB>	biolink:BiochemicalReaction	infores:pathwaymech
gomodel:YeastPathways_PWY3O-15	chitin biosynthesis	biolink:Pathway	infores:pathwaymech
CHEBI:17029	chitin	biolink:SmallMolecule	infores:pathwaymech
SGD:S000000227	CHS3 Scer	biolink:GeneOrGeneProduct	infores:pathwaymech
SGD:S000005136	CHS1 Scer	biolink:GeneOrGeneProduct	infores:pathwaymech
CHEBI:58223	UDP(3-)	biolink:SmallMolecule	infores:pathwaymech
CHEBI:57705	UDP-N-acetyl-alpha-D-glucosamine(2-)	biolink:SmallMolecule	infores:pathwaymech
SGD:S000000242	CHS2 Scer	biolink:GeneOrGeneProduct	infores:pathwaymech
gomodel:YeastPathways_PWY3O-15/6a6bcaed00000871	chitin synthase activity	biolink:BiochemicalReaction	infores:pathwaymech
gomodel:CHITIN-SYNTHASE-RXN	UDP-<i>N</i>-acetyl-α-D-glucosamine + [1,4-(<i>N</i>-acetyl-β-D-glucosaminyl)]<sub>n</sub> -> UDP + [1,4-(<i>N</i>-acetyl-β-D-glucosaminyl)]<sub>(n+1)</sub>	biolink:BiochemicalReaction	infores:pathwaymech
gomodel:YeastPathways_PWY3O-15/6a6bcaed00000891	chitin synthase activity	biolink:BiochemicalReaction	infores:pathwaymech
MetaCyc:ARO-PWY	chorismate biosynthesis I	biolink:Pathway	infores:pathwaymech
EC:2.5.1.54	3-deoxy-7-phosphoheptulonate synthase	biolink:MolecularActivity	infores:pathwaymech
EC:4.2.3.4	3-dehydroquinate synthase	biolink:MolecularActivity	infores:pathwaymech
EC:4.2.1.10	3-dehydroquinate dehydratase	biolink:MolecularActivity	infores:pathwaymech
EC:1.1.1.25	shikimate dehydrogenase	biolink:MolecularActivity	infores:pathwaymech
EC:2.7.1.71	shikimate kinase	biolink:MolecularActivity	infores:pathwaymech
EC:2.5.1.19	3-phosphoshikimate 1-carboxyvinyltransferase	biolink:MolecularActivity	infores:pathwaymech
EC:4.2.3.5	chorismate synthase	biolink:MolecularActivity	infores:pathwaymech
CHEBI:16897	D-erythrose 4-phosphate	biolink:SmallMolecule	infores:pathwaymech
CHEBI:58394	7-phospho-2-dehydro-3-deoxy-D-arabino-heptonate	biolink:SmallMolecule	infores:pathwaymech
CHEBI:32364	3-dehydroquinate	biolink:SmallMolecule	infores:pathwaymech
CHEBI:16630	3-dehydroshikimate	biolink:SmallMolecule	infores:pathwaymech
CHEBI:36208	shikimate	biolink:SmallMolecule	infores:pathwaymech
CHEBI:145989	3-phosphoshikimate	biolink:SmallMolecule	infores:pathwaymech
CHEBI:57701	5-O-(1-carboxyvinyl)-3-phosphoshikimate	biolink:SmallMolecule	infores:pathwaymech
RHEA:14718	3-deoxy-D-arabino-heptulosonate 7-phosphate synthase reaction	biolink:BiochemicalReaction	infores:pathwaymech
RHEA:21969	3-dehydroquinate synthase reaction	biolink:BiochemicalReaction	infores:pathwaymech
RHEA:21097	3-dehydroquinate dehydratase reaction	biolink:BiochemicalReaction	infores:pathwaymech
RHEA:17739	biosynthetic shikimate dehydrogenase reaction	biolink:BiochemicalReaction	infores:pathwaymech
RHEA:13122	shikimate kinase reaction	biolink:BiochemicalReaction	infores:pathwaymech
RHEA:21257	3-phosphoshikimate 1-carboxyvinyltransferase reaction	biolink:BiochemicalReaction	infores:pathwaymech
RHEA:21021	chorismate synthase reaction	biolink:BiochemicalReaction	infores:pathwaymech
gomodel:YeastPathways_CITRUL-BIO2-PWY	citrulline biosynthesis	biolink:Pathway	infores:pathwaymech
CHEBI:57743	L-citrulline zwitterion	biolink:SmallMolecule	infores:pathwaymech
CHEBI:58228	carbamoyl phosphate(2-)	biolink:SmallMolecule	infores:pathwaymech
SGD:S000217863	CPX-579 Scer	biolink:GeneOrGeneProduct	infores:pathwaymech
SGD:S000003624	ARG3 Scer	biolink:GeneOrGeneProduct	infores:pathwaymech
CHEBI:46911	L-ornithinium(1+)	biolink:SmallMolecule	infores:pathwaymech
gomodel:ORNCARBAMTRANSFER-RXN	L-ornithine + carbamoyl phosphate -> L-citrulline + phosphate + H<SUP>+</SUP>	biolink:BiochemicalReaction	infores:pathwaymech
gomodel:CARBPSYN-RXN	2 ATP + L-glutamine + hydrogencarbonate + H<sub>2</sub>O -> L-glutamate + carbamoyl phosphate + 2 ADP + phosphate + 2 H<SUP>+</SUP>	biolink:BiochemicalReaction	infores:pathwaymech
MetaCyc:COA-PWY	coenzyme A biosynthesis I (prokaryotic)	biolink:Pathway	infores:pathwaymech
EC:6.3.2.5	phosphopantothenate--cysteine ligase	biolink:MolecularActivity	infores:pathwaymech
EC:4.1.1.36	phosphopantothenoylcysteine decarboxylase	biolink:MolecularActivity	infores:pathwaymech
EC:2.7.7.3	pantetheine-phosphate adenylyltransferase	biolink:MolecularActivity	infores:pathwaymech
EC:2.7.1.24	dephospho-CoA kinase	biolink:MolecularActivity	infores:pathwaymech
CHEBI:10986	(R)-4'-phosphopantothenate	biolink:SmallMolecule	infores:pathwaymech
CHEBI:35235	L-cysteine	biolink:SmallMolecule	infores:pathwaymech
CHEBI:37563	CTP	biolink:SmallMolecule	infores:pathwaymech
CHEBI:59458	N-[(R)-4-phosphopantothenoyl]-L-cysteine	biolink:SmallMolecule	infores:pathwaymech
CHEBI:60377	CMP	biolink:SmallMolecule	infores:pathwaymech
CHEBI:61723	(R)-4'-phosphopantetheine	biolink:SmallMolecule	infores:pathwaymech
CHEBI:57328	3'-dephospho-CoA	biolink:SmallMolecule	infores:pathwaymech
RHEA:19398	phosphopantothenate--cysteine ligase reaction	biolink:BiochemicalReaction	infores:pathwaymech
RHEA:16794	phosphopantothenoylcysteine decarboxylase reaction	biolink:BiochemicalReaction	infores:pathwaymech
RHEA:19802	phosphopantetheine adenylyltransferase reaction	biolink:BiochemicalReaction	infores:pathwaymech
RHEA:18246	dephospho-CoA kinase reaction	biolink:BiochemicalReaction	infores:pathwaymech
MetaCyc:DARABCAT-PWY	D-arabinose degradation I	biolink:Pathway	infores:pathwaymech
NCBITaxon:37762	Escherichia coli B	biolink:OrganismTaxon	infores:pathwaymech
EC:5.3.1.3	D-arabinose isomerase	biolink:MolecularActivity	infores:pathwaymech
EC:2.7.1.47	D-ribulokinase	biolink:MolecularActivity	infores:pathwaymech
CHEBI:46994	D-arabinose	biolink:SmallMolecule	infores:pathwaymech
CHEBI:17173	D-ribulose	biolink:SmallMolecule	infores:pathwaymech
CHEBI:58121	D-ribulose 5-phosphate	biolink:SmallMolecule	infores:pathwaymech
RHEA:13852	D-arabinose isomerase reaction	biolink:BiochemicalReaction	infores:pathwaymech
RHEA:17602	D-ribulokinase reaction	biolink:BiochemicalReaction	infores:pathwaymech
MetaCyc:GALACTUROCAT-PWY	D-galacturonate degradation I	biolink:Pathway	infores:pathwaymech
NCBITaxon:511145	Escherichia coli K-12 substr. MG1655	biolink:OrganismTaxon	infores:pathwaymech
EC:5.3.1.12	glucuronate isomerase	biolink:MolecularActivity	infores:pathwaymech
EC:1.1.1.58	tagaturonate reductase	biolink:MolecularActivity	infores:pathwaymech
EC:4.2.1.7	altronate dehydratase	biolink:MolecularActivity	infores:pathwaymech
EC:2.7.1.45	2-dehydro-3-deoxygluconokinase	biolink:MolecularActivity	infores:pathwaymech
EC:4.1.2.14	2-dehydro-3-deoxy-phosphogluconate aldolase	biolink:MolecularActivity	infores:pathwaymech
CHEBI:12952	aldehydo-D-galacturonate	biolink:SmallMolecule	infores:pathwaymech
CHEBI:17886	keto-D-tagaturonate	biolink:SmallMolecule	infores:pathwaymech
CHEBI:17360	D-altronate	biolink:SmallMolecule	infores:pathwaymech
CHEBI:57990	2-dehydro-3-deoxy-D-gluconate	biolink:SmallMolecule	infores:pathwaymech
CHEBI:57569	2-dehydro-3-deoxy-6-phospho-D-gluconate	biolink:SmallMolecule	infores:pathwaymech
CHEBI:59776	D-glyceraldehyde 3-phosphate	biolink:SmallMolecule	infores:pathwaymech
RHEA:27705	D-galacturonate isomerase reaction	biolink:BiochemicalReaction	infores:pathwaymech
RHEA:17816	tagaturonate reductase reaction	biolink:BiochemicalReaction	infores:pathwaymech
RHEA:15958	altronate dehydratase reaction	biolink:BiochemicalReaction	infores:pathwaymech
RHEA:14798	2-dehydro-3-deoxygluconokinase reaction	biolink:BiochemicalReaction	infores:pathwaymech
RHEA:17090	2-dehydro-3-deoxy-6-phosphogluconate aldolase reaction	biolink:BiochemicalReaction	infores:pathwaymech
MetaCyc:GLUCARDEG-PWY	D-glucarate degradation I	biolink:Pathway	infores:pathwaymech
NCBITaxon:2	Bacteria	biolink:OrganismTaxon	infores:pathwaymech
EC:4.2.1.40	D-glucarate dehydratase	biolink:MolecularActivity	infores:pathwaymech
EC:1.1.1.60	tartronate-semialdehyde reductase	biolink:MolecularActivity	infores:pathwaymech
EC:2.7.1.165	D-glycerate 2-kinase	biolink:MolecularActivity	infores:pathwaymech
CHEBI:30612	D-glucarate	biolink:SmallMolecule	infores:pathwaymech
CHEBI:42819	5-dehydro-4-deoxy-D-glucarate	biolink:SmallMolecule	infores:pathwaymech
CHEBI:57978	2-hydroxy-3-oxopropanoate	biolink:SmallMolecule	infores:pathwaymech
CHEBI:16659	(R)-glycerate	biolink:SmallMolecule	infores:pathwaymech
CHEBI:58289	(2R)-2-phosphoglycerate	biolink:SmallMolecule	infores:pathwaymech
RHEA:14574	D-glucarate dehydratase reaction	biolink:BiochemicalReaction	infores:pathwaymech
RHEA:27729	5-dehydro-4-deoxy-D-glucarate aldolase reaction	biolink:BiochemicalReaction	infores:pathwaymech
RHEA:18843	NADPH-dependent tartronate-semialdehyde reductase reaction	biolink:BiochemicalReaction	infores:pathwaymech
RHEA:18847	NADH-dependent tartronate-semialdehyde reductase reaction	biolink:BiochemicalReaction	infores:pathwaymech
RHEA:27378	D-glycerate 2-kinase reaction	biolink:BiochemicalReaction	infores:pathwaymech
MetaCyc:XYLCAT-PWY	D-xylose degradation I	biolink:Pathway	infores:pathwaymech
EC:5.3.1.5	xylose isomerase	biolink:MolecularActivity	infores:pathwaymech
EC:2.7.1.17	xylulokinase	biolink:MolecularActivity	infores:pathwaymech
CHEBI:28518	alpha-D-xylose	biolink:SmallMolecule	infores:pathwaymech
CHEBI:188998	alpha-D-xylulofuranose	biolink:SmallMolecule	infores:pathwaymech
CHEBI:17140	D-xylulose	biolink:SmallMolecule	infores:pathwaymech
CHEBI:57737	D-xylulose 5-phosphate	biolink:SmallMolecule	infores:pathwaymech
RHEA:22819	xylose isomerase reaction	biolink:BiochemicalReaction	infores:pathwaymech
RHEA:10965	xylulokinase reaction	biolink:BiochemicalReaction	infores:pathwaymech
gomodel:YeastPathways_PWY3O-1565	dolichyl glucosyl phosphate biosynthesis	biolink:Pathway	infores:pathwaymech
CHEBI:58885	UDP-alpha-D-glucose(2-)	biolink:SmallMolecule	infores:pathwaymech
CHEBI:4170	D-glucopyranose 6-phosphate	biolink:SmallMolecule	infores:pathwaymech
CHEBI:46398	UTP(4-)	biolink:SmallMolecule	infores:pathwaymech
SGD:S000006148	ALG5 Scer	biolink:GeneOrGeneProduct	infores:pathwaymech
CHEBI:58601	alpha-D-glucose 1-phosphate(2-)	biolink:SmallMolecule	infores:pathwaymech
SGD:S000001518	UGP1 Scer	biolink:GeneOrGeneProduct	infores:pathwaymech
CHEBI:57525	dolichyl beta-D-glucosyl phosphate(1-)	biolink:SmallMolecule	infores:pathwaymech
SGD:S000004711	PGM2 Scer	biolink:GeneOrGeneProduct	infores:pathwaymech
SGD:S000001610	PGM1 Scer	biolink:GeneOrGeneProduct	infores:pathwaymech
SGD:S000001004	YHL012W Scer	biolink:GeneOrGeneProduct	infores:pathwaymech
CHEBI:16214	dolichyl phosphate	biolink:SmallMolecule	infores:pathwaymech
gomodel:2.4.1.117-RXN	UDP-α-D-glucose + a dolichyl phosphate -> a dolichyl β-D-glucosyl phosphate + UDP	biolink:BiochemicalReaction	infores:pathwaymech
gomodel:YeastPathways_PWY3O-1565/6a4c244800003247	phosphoglucomutase activity	biolink:BiochemicalReaction	infores:pathwaymech
gomodel:YeastPathways_PWY3O-1565/6a4c244800003258	UTP:glucose-1-phosphate uridylyltransferase activity	biolink:BiochemicalReaction	infores:pathwaymech
gomodel:PHOSPHOGLUCMUT-RXN	α-D-glucopyranose 1-phosphate <=> D-glucopyranose 6-phosphate	biolink:BiochemicalReaction	infores:pathwaymech
gomodel:GLUC1PURIDYLTRANS-RXN	α-D-glucopyranose 1-phosphate + UTP + H<SUP>+</SUP> -> UDP-α-D-glucose + diphosphate	biolink:BiochemicalReaction	infores:pathwaymech
gomodel:YeastPathways_PWY3O-123	dolichyl phosphate D-mannose biosynthesis	biolink:Pathway	infores:pathwaymech
SGD:S000002213	PSA1 Scer	biolink:GeneOrGeneProduct	infores:pathwaymech
CHEBI:57527	GDP-alpha-D-mannose(2-)	biolink:SmallMolecule	infores:pathwaymech
CHEBI:57634	beta-D-fructofuranose 6-phosphate(2-)	biolink:SmallMolecule	infores:pathwaymech
CHEBI:58409	alpha-D-mannose 1-phosphate(2-)	biolink:SmallMolecule	infores:pathwaymech
CHEBI:15809	dolichyl D-mannosyl phosphate	biolink:SmallMolecule	infores:pathwaymech
CHEBI:48066	D-mannopyranose 6-phosphate	biolink:SmallMolecule	infores:pathwaymech
SGD:S000006387	DPM1 Scer	biolink:GeneOrGeneProduct	infores:pathwaymech
SGD:S000001849	SEC53 Scer	biolink:GeneOrGeneProduct	infores:pathwaymech
SGD:S000000805	PMI40 Scer	biolink:GeneOrGeneProduct	infores:pathwaymech
gomodel:MANNPGUANYLTRANGDP-RXN	mannose-1-phosphate guanylyltransferase (GDP) activity	biolink:BiochemicalReaction	infores:pathwaymech
gomodel:2.4.1.83-RXN	dolichyl-phosphate beta-D-mannosyltransferase activity	biolink:BiochemicalReaction	infores:pathwaymech
gomodel:PHOSMANMUT-RXN	phosphomannomutase activity	biolink:BiochemicalReaction	infores:pathwaymech
gomodel:MANNPISOM-RXN	mannose-6-phosphate isomerase activity	biolink:BiochemicalReaction	infores:pathwaymech
MetaCyc:P101-PWY	ectoine biosynthesis	biolink:Pathway	infores:pathwaymech
NCBITaxon:2746	Halomonas elongata	biolink:OrganismTaxon	infores:pathwaymech
EC:2.7.2.4	aspartate kinase	biolink:MolecularActivity	infores:pathwaymech
EC:1.2.1.11	aspartate-semialdehyde dehydrogenase	biolink:MolecularActivity	infores:pathwaymech
EC:2.6.1.76	diaminobutyrate-2-oxoglutarate transaminase	biolink:MolecularActivity	infores:pathwaymech
EC:2.3.1.178	diaminobutyrate acetyltransferase	biolink:MolecularActivity	infores:pathwaymech
EC:4.2.1.108	ectoine synthase	biolink:MolecularActivity	infores:pathwaymech
CHEBI:57535	4-phospho-L-aspartate	biolink:SmallMolecule	infores:pathwaymech
CHEBI:537519	L-aspartate 4-semialdehyde	biolink:SmallMolecule	infores:pathwaymech
CHEBI:58761	L-2,4-diaminobutanoate	biolink:SmallMolecule	infores:pathwaymech
CHEBI:58929	(2S)-4-acetamido-2-aminobutanoate	biolink:SmallMolecule	infores:pathwaymech
CHEBI:58515	L-ectoine	biolink:SmallMolecule	infores:pathwaymech
RHEA:23777	ATP-dependent aspartate kinase reaction	biolink:BiochemicalReaction	infores:pathwaymech
RHEA:24286	NADPH-dependent aspartate-semialdehyde dehydrogenase reaction	biolink:BiochemicalReaction	infores:pathwaymech
RHEA:11162	biosynthetic diaminobutyrate transaminase reaction	biolink:BiochemicalReaction	infores:pathwaymech
RHEA:16902	diaminobutanoate acetyltransferase reaction	biolink:BiochemicalReaction	infores:pathwaymech
RHEA:17282	L-ectoine synthase reaction	biolink:BiochemicalReaction	infores:pathwaymech
gomodel:YeastPathways_PWY-5670-1	epoxysqualene biosynthesis	biolink:Pathway	infores:pathwaymech
SGD:S000001233	ERG9 Scer	biolink:GeneOrGeneProduct	infores:pathwaymech
CHEBI:175763	2-trans,6-trans-farnesyl diphosphate(3-)	biolink:SmallMolecule	infores:pathwaymech
CHEBI:57310	presqualene diphosphate(3-)	biolink:SmallMolecule	infores:pathwaymech
CHEBI:15440	squalene	biolink:SmallMolecule	infores:pathwaymech
SGD:S000003407	ERG1 Scer	biolink:GeneOrGeneProduct	infores:pathwaymech
CHEBI:15441	(S)-2,3-epoxysqualene	biolink:SmallMolecule	infores:pathwaymech
gomodel:RXN-12263	squalene synthase [NAD(P)H] activity (presqualene diphosphate-forming)	biolink:BiochemicalReaction	infores:pathwaymech
gomodel:RXN66-281	squalene synthase [NAD(P)H] activity (squalene-forming)	biolink:BiochemicalReaction	infores:pathwaymech
gomodel:RXN3O-9816	squalene monooxygenase activity	biolink:BiochemicalReaction	infores:pathwaymech
gomodel:YeastPathways_PWY-6075-1	ergosterol biosynthesis I	biolink:Pathway	infores:pathwaymech
SGD:S000004467	ERG6 Scer	biolink:GeneOrGeneProduct	infores:pathwaymech
CHEBI:18252	zymosterol	biolink:SmallMolecule	infores:pathwaymech
CHEBI:59789	S-adenosyl-L-methionine zwitterion	biolink:SmallMolecule	infores:pathwaymech
CHEBI:17038	fecosterol	biolink:SmallMolecule	infores:pathwaymech
CHEBI:57856	S-adenosyl-L-homocysteine zwitterion	biolink:SmallMolecule	infores:pathwaymech
SGD:S000004815	ERG2 Scer	biolink:GeneOrGeneProduct	infores:pathwaymech
CHEBI:50586	9xi-episterol	biolink:SmallMolecule	infores:pathwaymech
SGD:S000004046	ERG3 Scer	biolink:GeneOrGeneProduct	infores:pathwaymech
CHEBI:52972	ergosta-5,7,24(28)-trien-3beta-ol	biolink:SmallMolecule	infores:pathwaymech
SGD:S000004617	ERG5 Scer	biolink:GeneOrGeneProduct	infores:pathwaymech
CHEBI:18249	ergosta-5,7,22,24(28)-tetraen-3beta-ol	biolink:SmallMolecule	infores:pathwaymech
SGD:S000002980	ERG4 Scer	biolink:GeneOrGeneProduct	infores:pathwaymech
CHEBI:16933	ergosterol	biolink:SmallMolecule	infores:pathwaymech
gomodel:RXN3O-178	sterol 24-C-methyltransferase activity	biolink:BiochemicalReaction	infores:pathwaymech
gomodel:RXN3O-203	C-8 sterol isomerase activity	biolink:BiochemicalReaction	infores:pathwaymech
gomodel:RXN3O-9827	delta7-sterol 5(6)-desaturase activity	biolink:BiochemicalReaction	infores:pathwaymech
gomodel:RXN3O-9828	ergosta-5,7,24(28)-trien-3beta-ol desaturation	biolink:BiochemicalReaction	infores:pathwaymech
gomodel:1.3.1.71-RXN	Delta24(24-1) sterol reductase activity	biolink:BiochemicalReaction	infores:pathwaymech
gomodel:YeastPathways_PWY3O-4300	ethanol degradation	biolink:Pathway	infores:pathwaymech
SGD:S000004143	ACS2 Scer	biolink:GeneOrGeneProduct	infores:pathwaymech
CHEBI:15343	acetaldehyde	biolink:SmallMolecule	infores:pathwaymech
SGD:S000004918	ADH2 Scer	biolink:GeneOrGeneProduct	infores:pathwaymech
CHEBI:16236	ethanol	biolink:SmallMolecule	infores:pathwaymech
SGD:S000003225	ADH4 Scer	biolink:GeneOrGeneProduct	infores:pathwaymech
SGD:S000005446	ADH1 Scer	biolink:GeneOrGeneProduct	infores:pathwaymech
SGD:S000004688	ADH3 Scer	biolink:GeneOrGeneProduct	infores:pathwaymech
SGD:S000000050	ACS1 Scer	biolink:GeneOrGeneProduct	infores:pathwaymech
SGD:S000000349	ADH5 Scer	biolink:GeneOrGeneProduct	infores:pathwaymech
gomodel:YeastPathways_PWY3O-4300/6a4c244800003293	acetyl-CoA synthetase activity	biolink:BiochemicalReaction	infores:pathwaymech
gomodel:YeastPathways_PWY3O-4300/6a4c244800003369	alcohol dehydrogenase (NAD+) activity	biolink:BiochemicalReaction	infores:pathwaymech
gomodel:YeastPathways_PWY3O-4300/6a4c244800003351	alcohol dehydrogenase (NAD+) activity	biolink:BiochemicalReaction	infores:pathwaymech
gomodel:RXN66-3	acetaldehyde + NAD<sup>+</sup> + H<sub>2</sub>O -> acetate + NADH + 2 H<SUP>+</SUP>	biolink:BiochemicalReaction	infores:pathwaymech
gomodel:ALCOHOL-DEHYDROG-RXN	ethanol + NAD<sup>+</sup> <=> acetaldehyde + NADH + H<SUP>+</SUP>	biolink:BiochemicalReaction	infores:pathwaymech
gomodel:YeastPathways_PWY3O-4300/6a4c244800003312	alcohol dehydrogenase (NAD+) activity	biolink:BiochemicalReaction	infores:pathwaymech
gomodel:YeastPathways_PWY3O-4300/6a4c244800003332	alcohol dehydrogenase (NAD+) activity	biolink:BiochemicalReaction	infores:pathwaymech
gomodel:ACETATE--COA-LIGASE-RXN	acetate + ATP + coenzyme A -> acetyl-CoA + AMP + diphosphate	biolink:BiochemicalReaction	infores:pathwaymech
gomodel:YeastPathways_FASYN-ELONG2-PWY	fatty acid elongation	biolink:Pathway	infores:pathwaymech
CHEBI:2393	acetoacetyl-[acp]	biolink:SmallMolecule	infores:pathwaymech
CHEBI:13534	acyl-carrier protein	biolink:SmallMolecule	infores:pathwaymech
SGD:S000006152	FAS2 Scer	biolink:GeneOrGeneProduct	infores:pathwaymech
SGD:S000001538	OAR1 Scer	biolink:GeneOrGeneProduct	infores:pathwaymech
CHEBI:7896	hexadecanoate	biolink:SmallMolecule	infores:pathwaymech
CHEBI:84648	(3R)-3-hydroxyacyl-[acyl-carrier-protein]	biolink:SmallMolecule	infores:pathwaymech
SGD:S000000863	CEM1 Scer	biolink:GeneOrGeneProduct	infores:pathwaymech
SGD:S000001665	FAS1 Scer	biolink:GeneOrGeneProduct	infores:pathwaymech
CHEBI:16018	acyl-[acyl-carrier protein]	biolink:SmallMolecule	infores:pathwaymech
CHEBI:57379	palmitoyl-CoA(4-)	biolink:SmallMolecule	infores:pathwaymech
CHEBI:5697	palmitoyl-[acyl-carrier protein]	biolink:SmallMolecule	infores:pathwaymech
SGD:S000003780	TES1 Scer	biolink:GeneOrGeneProduct	infores:pathwaymech
gomodel:3-OXOACYL-ACP-REDUCT-RXN	a (3<i>R</i>)-3-hydroxyacyl-[acyl-carrier protein] + NADP<sup>+</sup> ← a 3-oxoacyl-[acp] + NADPH + H<SUP>+</SUP>	biolink:BiochemicalReaction	infores:pathwaymech
gomodel:YeastPathways_FASYN-ELONG2-PWY/6a4c244800003411	3-oxoacyl-[acyl-carrier-protein] synthase activity	biolink:BiochemicalReaction	infores:pathwaymech
gomodel:3-HYDROXYDECANOYL-ACP-DEHYDR-RXN	a (3<i>R</i>)-3-hydroxyacyl-[acyl-carrier protein] -> a <i>trans</i>-2-enoyl-[acyl-carrier protein] + H<sub>2</sub>O	biolink:BiochemicalReaction	infores:pathwaymech
gomodel:ENOYL-ACP-REDUCT-NADPH-RXN	a 2,3,4-saturated fatty acyl-[acp] + NADP<sup>+</sup> ← a <i>trans</i>-2-enoyl-[acyl-carrier protein] + NADPH + H<SUP>+</SUP>	biolink:BiochemicalReaction	infores:pathwaymech
gomodel:RXN3O-9780	a palmitoyl-[acp] + coenzyme A -> palmitoyl-CoA + acyl-carrier protein	biolink:BiochemicalReaction	infores:pathwaymech
gomodel:YeastPathways_FASYN-ELONG2-PWY/6a4c244800003428	3-oxoacyl-[acyl-carrier-protein] reductase (NADPH) activity	biolink:BiochemicalReaction	infores:pathwaymech
gomodel:PALMITOYL-COA-HYDROLASE-RXN	palmitoyl-CoA + H<sub>2</sub>O -> palmitate + coenzyme A + H<SUP>+</SUP>	biolink:BiochemicalReaction	infores:pathwaymech
gomodel:3-OXOACYL-ACP-SYNTH-RXN	a 2,3,4-saturated fatty acyl-[acp] + a malonyl-[acp] + H<SUP>+</SUP> -> acyl-carrier protein + a 3-oxoacyl-[acp] + CO<SUB>2</SUB>	biolink:BiochemicalReaction	infores:pathwaymech
gomodel:YeastPathways_YEAST-FAO-PWY	fatty acid oxidation pathway	biolink:Pathway	infores:pathwaymech
CHEBI:15489	3-oxo-fatty acyl-CoA	biolink:SmallMolecule	infores:pathwaymech
SGD:S000004860	FAA4 Scer	biolink:GeneOrGeneProduct	infores:pathwaymech
CHEBI:71627	2,3,4-saturated fatty acid(1-)	biolink:SmallMolecule	infores:pathwaymech
CHEBI:77332	saturated fatty acyl-CoA(4-)	biolink:SmallMolecule	infores:pathwaymech
CHEBI:50998	trans-2-enoyl-CoA	biolink:SmallMolecule	infores:pathwaymech
SGD:S000001717	FOX2 Scer	biolink:GeneOrGeneProduct	infores:pathwaymech
CHEBI:27773	cis-3-enoyl-CoA	biolink:SmallMolecule	infores:pathwaymech
CHEBI:15455	(S)-3-hydroxyacyl-CoA	biolink:SmallMolecule	infores:pathwaymech
SGD:S000004274	ECI1 Scer	biolink:GeneOrGeneProduct	infores:pathwaymech
SGD:S000005844	FAA1 Scer	biolink:GeneOrGeneProduct	infores:pathwaymech
SGD:S000001422	POT1 Scer	biolink:GeneOrGeneProduct	infores:pathwaymech
SGD:S000000245	FAT1 Scer	biolink:GeneOrGeneProduct	infores:pathwaymech
SGD:S000003173	POX1 Scer	biolink:GeneOrGeneProduct	infores:pathwaymech
SGD:S000005706	DCI1 Scer	biolink:GeneOrGeneProduct	infores:pathwaymech
SGD:S000000817	FAA2 Scer	biolink:GeneOrGeneProduct	infores:pathwaymech
SGD:S000001271	FAA3 Scer	biolink:GeneOrGeneProduct	infores:pathwaymech
gomodel:ENOYL-COA-HYDRAT-RXN	a (3<i>S</i>)-3-hydroxyacyl-CoA <- a <i>trans</i>-2-enoyl-CoA + H<sub>2</sub>O	biolink:BiochemicalReaction	infores:pathwaymech
gomodel:OHACYL-COA-DEHYDROG-RXN	a (3<i>S</i>)-3-hydroxyacyl-CoA + NAD<sup>+</sup> -> a 3-oxoacyl-CoA + NADH + H<SUP>+</SUP>	biolink:BiochemicalReaction	infores:pathwaymech
gomodel:ACYLCOASYN-RXN	a 2,3,4-saturated fatty acid + ATP + coenzyme A -> a 2,3,4-saturated fatty acyl CoA + AMP + diphosphate	biolink:BiochemicalReaction	infores:pathwaymech
gomodel:KETOACYLCOATHIOL-RXN	a 2,3,4-saturated fatty acyl CoA + acetyl-CoA <- a 3-oxoacyl-CoA + coenzyme A	biolink:BiochemicalReaction	infores:pathwaymech
gomodel:YeastPathways_YEAST-FAO-PWY/6a4c244800006831	long-chain fatty acid-CoA ligase activity	biolink:BiochemicalReaction	infores:pathwaymech
gomodel:YeastPathways_YEAST-FAO-PWY/6a4c244800006810	long-chain fatty acid-CoA ligase activity	biolink:BiochemicalReaction	infores:pathwaymech
gomodel:RXN-11026	a 2,3,4-saturated fatty acyl CoA + oxygen -> a <i>trans</i>-2-enoyl-CoA + hydrogen peroxide	biolink:BiochemicalReaction	infores:pathwaymech
gomodel:YeastPathways_YEAST-FAO-PWY/6a4c244800006852	long-chain fatty acid-CoA ligase activity	biolink:BiochemicalReaction	infores:pathwaymech
gomodel:YeastPathways_YEAST-FAO-PWY/6a4c244800006775	delta(3)-delta(2)-enoyl-CoA isomerase activity	biolink:BiochemicalReaction	infores:pathwaymech
gomodel:YeastPathways_YEAST-FAO-PWY/6a4c244800006787	long-chain fatty acid-CoA ligase activity	biolink:BiochemicalReaction	infores:pathwaymech
gomodel:ENOYL-COA-DELTA-ISOM-RXN	a (3Z)-alk-3-enoyl-CoA -> a <i>trans</i>-2-enoyl-CoA	biolink:BiochemicalReaction	infores:pathwaymech
MetaCyc:RIBOSYN2-PWY	flavin biosynthesis I	biolink:Pathway	infores:pathwaymech
EC:3.5.4.25	GTP cyclohydrolase II	biolink:MolecularActivity	infores:pathwaymech
EC:3.5.4.26	diaminohydroxyphosphoribosylaminopyrimidine deaminase	biolink:MolecularActivity	infores:pathwaymech
EC:1.1.1.193	5-amino-6-(5-phosphoribosylamino)uracil reductase	biolink:MolecularActivity	infores:pathwaymech
EC:4.1.99.12	3,4-dihydroxy-2-butanone 4-phosphate synthase	biolink:MolecularActivity	infores:pathwaymech
EC:3.1.3.104	5-amino-6-(5-phospho-D-ribitylamino)uracil phosphatase	biolink:MolecularActivity	infores:pathwaymech
EC:2.5.1.78	6,7-dimethyl-8-ribityllumazine synthase	biolink:MolecularActivity	infores:pathwaymech
EC:2.5.1.9	riboflavin synthase	biolink:MolecularActivity	infores:pathwaymech
EC:2.7.1.26	riboflavin kinase	biolink:MolecularActivity	infores:pathwaymech
EC:2.7.7.2	FAD synthase	biolink:MolecularActivity	infores:pathwaymech
CHEBI:58614	2,5-diamino-6-hydroxy-4-(5-phosphoribosylamino)-pyrimidine	biolink:SmallMolecule	infores:pathwaymech
CHEBI:58453	5-amino-6-(5-phospho-D-ribosylamino)uracil	biolink:SmallMolecule	infores:pathwaymech
CHEBI:28938	NH4(+)	biolink:SmallMolecule	infores:pathwaymech
CHEBI:58421	5-amino-6-(5-phospho-D-ribitylamino)uracil	biolink:SmallMolecule	infores:pathwaymech
CHEBI:58830	(2S)-2-hydroxy-3-oxobutyl phosphate	biolink:SmallMolecule	infores:pathwaymech
CHEBI:15934	5-amino-6-(D-ribitylamino)uracil	biolink:SmallMolecule	infores:pathwaymech
CHEBI:58201	6,7-dimethyl-8-(1-D-ribityl)lumazine	biolink:SmallMolecule	infores:pathwaymech
CHEBI:57986	riboflavin	biolink:SmallMolecule	infores:pathwaymech
CHEBI:58210	FMN	biolink:SmallMolecule	infores:pathwaymech
CHEBI:57692	FAD	biolink:SmallMolecule	infores:pathwaymech
RHEA:23705	GTP cyclohydrolase II reaction	biolink:BiochemicalReaction	infores:pathwaymech
RHEA:21869	diaminohydroxyphosphoribosylaminopyrimidine deaminase reaction	biolink:BiochemicalReaction	infores:pathwaymech
RHEA:17847	5-amino-6-(5-phosphoribosylamino)uracil reductase reaction	biolink:BiochemicalReaction	infores:pathwaymech
RHEA:18458	3,4-dihydroxy-2-butanone 4-phosphate synthase reaction	biolink:BiochemicalReaction	infores:pathwaymech
RHEA:25198	5-amino-6-(5-phospho-D-ribitylamino)uracil phosphatase reaction	biolink:BiochemicalReaction	infores:pathwaymech
RHEA:26153	6,7-dimethyl-8-ribityllumazine synthase reaction	biolink:BiochemicalReaction	infores:pathwaymech
RHEA:20773	riboflavin synthase reaction	biolink:BiochemicalReaction	infores:pathwaymech
RHEA:14358	riboflavin kinase reaction	biolink:BiochemicalReaction	infores:pathwaymech
RHEA:17238	FAD synthase reaction	biolink:BiochemicalReaction	infores:pathwaymech
gomodel:YeastPathways_PWY3O-697	folate interconversions	biolink:Pathway	infores:pathwaymech
CHEBI:20502	5,10-methylenetetrahydrofolic acid	biolink:SmallMolecule	infores:pathwaymech
CHEBI:67016	tetrahydrofolate	biolink:SmallMolecule	infores:pathwaymech
CHEBI:63528	dTMP(2-)	biolink:SmallMolecule	infores:pathwaymech
CHEBI:20612	5-methyltetrahydrofolate	biolink:SmallMolecule	infores:pathwaymech
CHEBI:134413	10-formyltetrahydrofolyl-(Glu)n polyanion	biolink:SmallMolecule	infores:pathwaymech
CHEBI:33384	L-serine zwitterion	biolink:SmallMolecule	infores:pathwaymech
SGD:S000000288	MIS1 Scer	biolink:GeneOrGeneProduct	infores:pathwaymech
SGD:S000003436	ADE3 Scer	biolink:GeneOrGeneProduct	infores:pathwaymech
SGD:S000001788	MTD1 Scer	biolink:GeneOrGeneProduct	infores:pathwaymech
SGD:S000218158	CPX-1268 Scer	biolink:GeneOrGeneProduct	infores:pathwaymech
SGD:S000005944	MET12 Scer	biolink:GeneOrGeneProduct	infores:pathwaymech
SGD:S000005762	DFR1 Scer	biolink:GeneOrGeneProduct	infores:pathwaymech
SGD:S000003093	MET13 Scer	biolink:GeneOrGeneProduct	infores:pathwaymech
CHEBI:57451	dihydrofolate(2-)	biolink:SmallMolecule	infores:pathwaymech
SGD:S000004048	SHM2 Scer	biolink:GeneOrGeneProduct	infores:pathwaymech
SGD:S000000467	SHM1 Scer	biolink:GeneOrGeneProduct	infores:pathwaymech
SGD:S000005600	CDC21 Scer	biolink:GeneOrGeneProduct	infores:pathwaymech
CHEBI:246422	dUMP(2-)	biolink:SmallMolecule	infores:pathwaymech
gomodel:1.5.1.15-RXN	a 5,10-methylenetetrahydrofolate + NAD<sup>+</sup> -> a 5,10-methenyltetrahydrofolate + NADH	biolink:BiochemicalReaction	infores:pathwaymech
gomodel:YeastPathways_PWY3O-697/6a4c244800005448	formate-tetrahydrofolate ligase activity	biolink:BiochemicalReaction	infores:pathwaymech
gomodel:YeastPathways_PWY3O-697/6a4c244800005468	methenyltetrahydrofolate cyclohydrolase activity	biolink:BiochemicalReaction	infores:pathwaymech
gomodel:YeastPathways_PWY3O-697/6a4c244800005519	methylenetetrahydrofolate reductase [NAD(P)H] activity	biolink:BiochemicalReaction	infores:pathwaymech
gomodel:YeastPathways_PWY3O-697/6a4c244800005502	glycine hydroxymethyltransferase activity	biolink:BiochemicalReaction	infores:pathwaymech
gomodel:METHYLENETHFDEHYDROG-NADP-RXN	a 5,10-methylenetetrahydrofolate + NADP<sup>+</sup> <=> a 5,10-methenyltetrahydrofolate + NADPH	biolink:BiochemicalReaction	infores:pathwaymech
gomodel:DIHYDROFOLATEREDUCT-RXN	a tetrahydrofolate + NADP<sup>+</sup> <- a 7,8-dihydrofolate + NADPH + H<SUP>+</SUP>	biolink:BiochemicalReaction	infores:pathwaymech
gomodel:FORMATETHFLIG-RXN	a tetrahydrofolate + ATP + formate <=> a 10-formyltetrahydrofolate + ADP + phosphate	biolink:BiochemicalReaction	infores:pathwaymech
gomodel:METHENYLTHFCYCLOHYDRO-RXN	a 5,10-methenyltetrahydrofolate + H<sub>2</sub>O <=> a 10-formyltetrahydrofolate + H<SUP>+</SUP>	biolink:BiochemicalReaction	infores:pathwaymech
gomodel:THYMIDYLATESYN-RXN	a 5,10-methylenetetrahydrofolate + dUMP -> dTMP + a 7,8-dihydrofolate	biolink:BiochemicalReaction	infores:pathwaymech
gomodel:GCVMULTI-RXN	glycine + a tetrahydrofolate + NAD<sup>+</sup> -> a 5,10-methylenetetrahydrofolate + ammonium + CO<SUB>2</SUB> + NADH	biolink:BiochemicalReaction	infores:pathwaymech
gomodel:1.5.1.20-RXN	a 5-methyltetrahydrofolate + NAD<sup>+</sup> <- a 5,10-methylenetetrahydrofolate + NADH + H<SUP>+</SUP>	biolink:BiochemicalReaction	infores:pathwaymech
gomodel:GLYOHMETRANS-RXN	L-serine + a tetrahydrofolate <=> glycine + a 5,10-methylenetetrahydrofolate + H<sub>2</sub>O	biolink:BiochemicalReaction	infores:pathwaymech
gomodel:YeastPathways_PWY3O-697/6a4c244800005484	methylenetetrahydrofolate dehydrogenase (NADP+) activity	biolink:BiochemicalReaction	infores:pathwaymech
gomodel:YeastPathways_PWY-1801-1	formaldehyde oxidation II (glutathione-dependent)	biolink:Pathway	infores:pathwaymech
CHEBI:16842	formaldehyde	biolink:SmallMolecule	infores:pathwaymech
CHEBI:57925	glutathionate(1-)	biolink:SmallMolecule	infores:pathwaymech
CHEBI:58758	S-(hydroxymethyl)glutathione(1-)	biolink:SmallMolecule	infores:pathwaymech
SGD:S000002327	SFA1 Scer	biolink:GeneOrGeneProduct	infores:pathwaymech
CHEBI:57688	S-formylglutathionate(1-)	biolink:SmallMolecule	infores:pathwaymech
SGD:S000003604	YJL068C Scer	biolink:GeneOrGeneProduct	infores:pathwaymech
SGD:S000005915	FDH1 Scer	biolink:GeneOrGeneProduct	infores:pathwaymech
gomodel:RXN-2961	S-(hydroxymethyl)glutathione synthase activity	biolink:BiochemicalReaction	infores:pathwaymech
gomodel:RXN-2962	S-(hydroxymethyl)glutathione + NAD(P)+ -> S-formylglutathione + NAD(P)H + H+	biolink:BiochemicalReaction	infores:pathwaymech
gomodel:S-FORMYLGLUTATHIONE-HYDROLASE-RXN	S-formylglutathione hydrolase activity	biolink:BiochemicalReaction	infores:pathwaymech
gomodel:1.2.1.2-RXN	formate dehydrogenase (NAD+) activity	biolink:BiochemicalReaction	infores:pathwaymech
gomodel:YeastPathways_YEAST-GALACT-METAB-PWY	galactose degradation	biolink:Pathway	infores:pathwaymech
CHEBI:58336	alpha-D-galactose 1-phosphate(2-)	biolink:SmallMolecule	infores:pathwaymech
SGD:S000000223	GAL10 Scer	biolink:GeneOrGeneProduct	infores:pathwaymech
SGD:S000000224	GAL1 Scer	biolink:GeneOrGeneProduct	infores:pathwaymech
CHEBI:28061	alpha-D-galactose	biolink:SmallMolecule	infores:pathwaymech
SGD:S000000222	GAL7 Scer	biolink:GeneOrGeneProduct	infores:pathwaymech
CHEBI:27667	beta-D-galactose	biolink:SmallMolecule	infores:pathwaymech
CHEBI:66914	UDP-alpha-D-galactose(2-)	biolink:SmallMolecule	infores:pathwaymech
gomodel:YeastPathways_YEAST-GALACT-METAB-PWY/6a4c244800000632	phosphoglucomutase activity	biolink:BiochemicalReaction	infores:pathwaymech
gomodel:UDPGLUCEPIM-RXN	UDP-α-D-glucose <=> UDP-α-D-galactose	biolink:BiochemicalReaction	infores:pathwaymech
gomodel:GALACTOKIN-RXN	α-D-galactopyranose + ATP -> α-D-galactose 1-phosphate + ADP + H<SUP>+</SUP>	biolink:BiochemicalReaction	infores:pathwaymech
gomodel:ALDOSE1EPIM-RXN	β-D-galactopyranose -> α-D-galactopyranose	biolink:BiochemicalReaction	infores:pathwaymech
gomodel:GALACTURIDYLYLTRANS-RXN	UDP-α-D-glucose + α-D-galactose 1-phosphate -> UDP-α-D-galactose + α-D-glucopyranose 1-phosphate	biolink:BiochemicalReaction	infores:pathwaymech
gomodel:YeastPathways_GLUCONEO-PWY-1	gluconeogenesis I	biolink:Pathway	infores:pathwaymech
SGD:S000001635	GPM1 Scer	biolink:GeneOrGeneProduct	infores:pathwaymech
CHEBI:58272	3-phosphonato-D-glycerate(3-)	biolink:SmallMolecule	infores:pathwaymech
SGD:S000001512	MAE1 Scer	biolink:GeneOrGeneProduct	infores:pathwaymech
CHEBI:15589	(S)-malate(2-)	biolink:SmallMolecule	infores:pathwaymech
SGD:S000003424	TDH3 Scer	biolink:GeneOrGeneProduct	infores:pathwaymech
CHEBI:57604	3-phosphonato-D-glyceroyl phosphate(4-)	biolink:SmallMolecule	infores:pathwaymech
SGD:S000000605	PGK1 Scer	biolink:GeneOrGeneProduct	infores:pathwaymech
SGD:S000005486	MDH2 Scer	biolink:GeneOrGeneProduct	infores:pathwaymech
SGD:S000001217	ENO2 Scer	biolink:GeneOrGeneProduct	infores:pathwaymech
SGD:S000001805	PCK1 Scer	biolink:GeneOrGeneProduct	infores:pathwaymech
SGD:S000004369	FBP1 Scer	biolink:GeneOrGeneProduct	infores:pathwaymech
CHEBI:32966	beta-D-fructofuranose 1,6-bisphosphate(4-)	biolink:SmallMolecule	infores:pathwaymech
SGD:S000003486	ENO1 Scer	biolink:GeneOrGeneProduct	infores:pathwaymech
SGD:S000000400	PGI1 Scer	biolink:GeneOrGeneProduct	infores:pathwaymech
SGD:S000003588	TDH1 Scer	biolink:GeneOrGeneProduct	infores:pathwaymech
SGD:S000001543	FBA1 Scer	biolink:GeneOrGeneProduct	infores:pathwaymech
SGD:S000003769	TDH2 Scer	biolink:GeneOrGeneProduct	infores:pathwaymech
gomodel:RXN-15513	phosphoglycerate mutase activity	biolink:BiochemicalReaction	infores:pathwaymech
gomodel:1.1.1.39-RXN	oxaloacetate decarboxylase activity	biolink:BiochemicalReaction	infores:pathwaymech
gomodel:YeastPathways_GLUCONEO-PWY-1/6a4c244800005158	glyceraldehyde-3-phosphate dehydrogenase (NAD+) (phosphorylating) activity	biolink:BiochemicalReaction	infores:pathwaymech
gomodel:PHOSGLYPHOS-RXN	phosphoglycerate kinase activity	biolink:BiochemicalReaction	infores:pathwaymech
gomodel:MALATE-DEH-RXN	L-malate dehydrogenase (NAD+) activity	biolink:BiochemicalReaction	infores:pathwaymech
gomodel:YeastPathways_GLUCONEO-PWY-1/6a4c244800005125	phosphopyruvate hydratase activity	biolink:BiochemicalReaction	infores:pathwaymech
gomodel:PEPCARBOXYKIN-RXN	phosphoenolpyruvate carboxykinase (ATP) activity	biolink:BiochemicalReaction	infores:pathwaymech
gomodel:F16BDEPHOS-RXN	fructose 1,6-bisphosphate 1-phosphatase activity	biolink:BiochemicalReaction	infores:pathwaymech
gomodel:2PGADEHYDRAT-RXN	phosphopyruvate hydratase activity	biolink:BiochemicalReaction	infores:pathwaymech
gomodel:YeastPathways_GLUCONEO-PWY-1/6a4c244800005103	pyruvate carboxylase activity	biolink:BiochemicalReaction	infores:pathwaymech
gomodel:YeastPathways_GLUCONEO-PWY-1/6690711d00001655	L-malate dehydrogenase (NAD+) activity	biolink:BiochemicalReaction	infores:pathwaymech
gomodel:PGLUCISOM-RXN	glucose-6-phosphate isomerase activity	biolink:BiochemicalReaction	infores:pathwaymech
gomodel:GAPOXNPHOSPHN-RXN	glyceraldehyde-3-phosphate dehydrogenase (NAD+) (phosphorylating) activity	biolink:BiochemicalReaction	infores:pathwaymech
gomodel:F16ALDOLASE-RXN	fructose-bisphosphate aldolase activity	biolink:BiochemicalReaction	infores:pathwaymech
gomodel:YeastPathways_GLUCONEO-PWY-1/6a4c244800005138	glyceraldehyde-3-phosphate dehydrogenase (NAD+) (phosphorylating) activity	biolink:BiochemicalReaction	infores:pathwaymech
WikiPathways:WP556	Glutamate degradation I	biolink:Pathway	infores:pathwaymech
WikiPathways:WP556/id1356da06	L-glutamate to 4-aminobutanoate GPML interaction	biolink:BiochemicalReaction	infores:pathwaymech
WikiPathways:WP556/b960c	4-aminobutanoate to succinate semialdehyde GPML interaction	biolink:BiochemicalReaction	infores:pathwaymech
WikiPathways:WP556/adc8e	succinate semialdehyde to succinate GPML interaction	biolink:BiochemicalReaction	infores:pathwaymech
MetaCyc:GLUTATHIONESYN-PWY	glutathione biosynthesis	biolink:Pathway	infores:pathwaymech
EC:6.3.2.2	glutamate--cysteine ligase	biolink:MolecularActivity	infores:pathwaymech
EC:6.3.2.3	glutathione synthase	biolink:MolecularActivity	infores:pathwaymech
CHEBI:58173	gamma-L-glutamyl-L-cysteine	biolink:SmallMolecule	infores:pathwaymech
RHEA:13286	glutamate--cysteine ligase reaction	biolink:BiochemicalReaction	infores:pathwaymech
RHEA:13558	glutathione synthase reaction	biolink:BiochemicalReaction	infores:pathwaymech
gomodel:YeastPathways_PWYQT-4432	glutathione degradation	biolink:Pathway	infores:pathwaymech
SGD:S000004290	ECM38 Scer	biolink:GeneOrGeneProduct	infores:pathwaymech
SGD:S000001940	DUG1 Scer	biolink:GeneOrGeneProduct	infores:pathwaymech
CHEBI:16856	glutathione	biolink:SmallMolecule	infores:pathwaymech
CHEBI:83813	proteinogenic amino acid	biolink:SmallMolecule	infores:pathwaymech
CHEBI:61694	L-cysteinylglycine zwitterion	biolink:SmallMolecule	infores:pathwaymech
CHEBI:71304	L-gamma-glutamyl-L-amino acid(1-)	biolink:SmallMolecule	infores:pathwaymech
gomodel:RXN-6601	glutathione gamma-glutamate hydrolase	biolink:BiochemicalReaction	infores:pathwaymech
gomodel:RXN-6622	metallodipeptidase activity	biolink:BiochemicalReaction	infores:pathwaymech
WikiPathways:WP392	Glutathione-glutaredoxin redox reaction	biolink:Pathway	infores:pathwaymech
CHEBI:58297	glutathione disulfide	biolink:SmallMolecule	infores:pathwaymech
SGD:S000006012	GLR1	biolink:GeneOrGeneProduct	infores:pathwaymech
SGD:S000001509	GPX1	biolink:GeneOrGeneProduct	infores:pathwaymech
SGD:S000000448	GPX2	biolink:GeneOrGeneProduct	infores:pathwaymech
SGD:S000001476	HYR1	biolink:GeneOrGeneProduct	infores:pathwaymech
SGD:S000003983	GTT2	biolink:GeneOrGeneProduct	infores:pathwaymech
SGD:S000001477	GTT1	biolink:GeneOrGeneProduct	infores:pathwaymech
WikiPathways:WP392/id3206f739	glutathione disulfide to glutathione GPML interaction	biolink:BiochemicalReaction	infores:pathwaymech
WikiPathways:WP392/id8cc08cdf	glutathione to glutathione-S-conjugate GPML interaction	biolink:BiochemicalReaction	infores:pathwaymech
WikiPathways:WP392/id8fe92484	glutathione to glutathione disulfide GPML interaction	biolink:BiochemicalReaction	infores:pathwaymech
WikiPathways:WP392/idb13bbbe	glutathione to glutathione disulfide GPML interaction	biolink:BiochemicalReaction	infores:pathwaymech
gomodel:YeastPathways_PWY3O-48	glycerol biosynthesis	biolink:Pathway	infores:pathwaymech
CHEBI:231935	glycerol 1-phosphate(2-)	biolink:SmallMolecule	infores:pathwaymech
SGD:S000002180	GPD1 Scer	biolink:GeneOrGeneProduct	infores:pathwaymech
SGD:S000005420	GPD2 Scer	biolink:GeneOrGeneProduct	infores:pathwaymech
SGD:S000001315	GPP1 Scer	biolink:GeneOrGeneProduct	infores:pathwaymech
SGD:S000000864	GPP2 Scer	biolink:GeneOrGeneProduct	infores:pathwaymech
gomodel:YeastPathways_PWY3O-48/6a4c244800000498	glycerol-3-phosphate dehydrogenase [NAD(P)+] activity	biolink:BiochemicalReaction	infores:pathwaymech
gomodel:1.1.1.8-RXN	<i>sn</i>-glycerol 3-phosphate + NAD<sup>+</sup> <- glycerone phosphate + NADH + H<SUP>+</SUP>	biolink:BiochemicalReaction	infores:pathwaymech
gomodel:GLYCEROL-1-PHOSPHATASE-RXN	glycerol 1-phosphate + H<sub>2</sub>O -> glycerol + phosphate	biolink:BiochemicalReaction	infores:pathwaymech
gomodel:YeastPathways_PWY3O-48/6a4c244800000482	sn-glycerol 1-phosphatase activity	biolink:BiochemicalReaction	infores:pathwaymech
MetaCyc:GLYCEROLMETAB-PWY	glycerol degradation V	biolink:Pathway	infores:pathwaymech
EC:1.1.1.6	glycerol dehydrogenase	biolink:MolecularActivity	infores:pathwaymech
EC:2.7.1.121	dihydroxyacetone kinase	biolink:MolecularActivity	infores:pathwaymech
CHEBI:16016	dihydroxyacetone	biolink:SmallMolecule	infores:pathwaymech
RHEA:13772	glycerol dehydrogenase reaction	biolink:BiochemicalReaction	infores:pathwaymech
RHEA:18382	dihydroxyacetone kinase reaction	biolink:BiochemicalReaction	infores:pathwaymech
gomodel:YeastPathways_GLYCLEAV-PWY	glycine cleavage	biolink:Pathway	infores:pathwaymech
SGD:S000004801	GCV2 Scer	biolink:GeneOrGeneProduct	infores:pathwaymech
CHEBI:15804	lipoylprotein	biolink:SmallMolecule	infores:pathwaymech
CHEBI:16882	S(8)-aminomethyldihydrolipoylprotein	biolink:SmallMolecule	infores:pathwaymech
SGD:S000002426	GCV1 Scer	biolink:GeneOrGeneProduct	infores:pathwaymech
CHEBI:16194	dihydrolipoylprotein	biolink:SmallMolecule	infores:pathwaymech
SGD:S000001876	LPD1 Scer	biolink:GeneOrGeneProduct	infores:pathwaymech
gomodel:GCVP-RXN	glycine dehydrogenase (decarboxylating) activity	biolink:BiochemicalReaction	infores:pathwaymech
gomodel:GCVT-RXN	aminomethyltransferase activity	biolink:BiochemicalReaction	infores:pathwaymech
gomodel:RXN-8629	dihydrolipoyl dehydrogenase (NADH) activity	biolink:BiochemicalReaction	infores:pathwaymech
WikiPathways:WP478	Glycogen catabolism	biolink:Pathway	infores:pathwaymech
CHEBI:16077	glucose-1-phosphate (closed form)	biolink:SmallMolecule	infores:pathwaymech
CHEBI:24384	glycogens	biolink:SmallMolecule	infores:pathwaymech
CHEBI:75150	glucose-6-phosphate (closed form)	biolink:SmallMolecule	infores:pathwaymech
SGD:S000006364	GPH1	biolink:GeneOrGeneProduct	infores:pathwaymech
WikiPathways:WP478/id16beba20	glycogen phosphorolysis branch to glucose-1-phosphate	biolink:BiochemicalReaction	infores:pathwaymech
WikiPathways:WP478/id5442c585	glucose-1-phosphate to glucose-6-phosphate	biolink:BiochemicalReaction	infores:pathwaymech
gomodel:YeastPathways_GLYCOLYSIS	glycolysis I (from glucose 6-phosphate)	biolink:Pathway	infores:pathwaymech
SGD:S000218025	CPX-554 Scer	biolink:GeneOrGeneProduct	infores:pathwaymech
SGD:S000005874	PYK2 Scer	biolink:GeneOrGeneProduct	infores:pathwaymech
SGD:S000002457	TPI1 Scer	biolink:GeneOrGeneProduct	infores:pathwaymech
SGD:S000000036	CDC19 Scer	biolink:GeneOrGeneProduct	infores:pathwaymech
gomodel:TRIOSEPISOMERIZATION-RXN	triose-phosphate isomerase activity	biolink:BiochemicalReaction	infores:pathwaymech
gomodel:YeastPathways_GLYCOLYSIS/6a4c244800004606	glyceraldehyde-3-phosphate dehydrogenase (NAD+) (phosphorylating) activity	biolink:BiochemicalReaction	infores:pathwaymech
gomodel:YeastPathways_GLYCOLYSIS/6a4c244800004579	glyceraldehyde-3-phosphate dehydrogenase (NAD+) (phosphorylating) activity	biolink:BiochemicalReaction	infores:pathwaymech
gomodel:6PFRUCTPHOS-RXN	6-phosphofructokinase activity	biolink:BiochemicalReaction	infores:pathwaymech
gomodel:YeastPathways_GLYCOLYSIS/6a4c244800004636	pyruvate kinase activity	biolink:BiochemicalReaction	infores:pathwaymech
gomodel:YeastPathways_GLYCOLYSIS/6a4c244800004626	phosphopyruvate hydratase activity	biolink:BiochemicalReaction	infores:pathwaymech
gomodel:PEPDEPHOS-RXN	pyruvate kinase activity	biolink:BiochemicalReaction	infores:pathwaymech
MetaCyc:GLYOXYLATE-BYPASS	glyoxylate cycle	biolink:Pathway	infores:pathwaymech
NCBITaxon:1773	Mycobacterium tuberculosis	biolink:OrganismTaxon	infores:pathwaymech
EC:4.1.3.1	isocitrate lyase	biolink:MolecularActivity	infores:pathwaymech
EC:2.3.3.9	malate synthase	biolink:MolecularActivity	infores:pathwaymech
CHEBI:15562	D-threo-isocitrate	biolink:SmallMolecule	infores:pathwaymech
RHEA:13246	isocitrate lyase reaction	biolink:BiochemicalReaction	infores:pathwaymech
RHEA:18182	malate synthase reaction	biolink:BiochemicalReaction	infores:pathwaymech
gomodel:YeastPathways_PWY-7221	guanosine ribonucleotides de novo biosynthesis	biolink:Pathway	infores:pathwaymech
CHEBI:57464	5'-xanthylate(2-)	biolink:SmallMolecule	infores:pathwaymech
SGD:S000002862	GUK1 Scer	biolink:GeneOrGeneProduct	infores:pathwaymech
CHEBI:58115	guanosine 5'-monophosphate(2-)	biolink:SmallMolecule	infores:pathwaymech
SGD:S000004830	GUA1 Scer	biolink:GeneOrGeneProduct	infores:pathwaymech
SGD:S000004424	IMD3 Scer	biolink:GeneOrGeneProduct	infores:pathwaymech
SGD:S000004520	IMD4 Scer	biolink:GeneOrGeneProduct	infores:pathwaymech
SGD:S000001259	IMD2 Scer	biolink:GeneOrGeneProduct	infores:pathwaymech
gomodel:YeastPathways_PWY-7221/6a4c244800000662	IMP dehydrogenase activity	biolink:BiochemicalReaction	infores:pathwaymech
gomodel:GDPKIN-RXN	nucleoside diphosphate kinase activity	biolink:BiochemicalReaction	infores:pathwaymech
gomodel:GUANYL-KIN-RXN	GMP kinase activity	biolink:BiochemicalReaction	infores:pathwaymech
gomodel:YeastPathways_PWY-7221/6a4c244800000652	IMP dehydrogenase activity	biolink:BiochemicalReaction	infores:pathwaymech
gomodel:GMP-SYN-GLUT-RXN	GMP synthase (glutamine-hydrolyzing) activity	biolink:BiochemicalReaction	infores:pathwaymech
gomodel:IMP-DEHYDROG-RXN	IMP dehydrogenase activity	biolink:BiochemicalReaction	infores:pathwaymech
gomodel:YeastPathways_HEME-BIOSYNTHESIS-II	heme b biosynthesis I (aerobic)	biolink:Pathway	infores:pathwaymech
SGD:S000002451	HEM13 Scer	biolink:GeneOrGeneProduct	infores:pathwaymech
CHEBI:57309	coproporphyrinogen III(4-)	biolink:SmallMolecule	infores:pathwaymech
CHEBI:57307	protoporphyrinogen(2-)	biolink:SmallMolecule	infores:pathwaymech
SGD:S000005702	HEM15 Scer	biolink:GeneOrGeneProduct	infores:pathwaymech
CHEBI:29033	iron(2+)	biolink:SmallMolecule	infores:pathwaymech
CHEBI:57306	protoporphyrin(2-)	biolink:SmallMolecule	infores:pathwaymech
CHEBI:17627	ferroheme b	biolink:SmallMolecule	infores:pathwaymech
SGD:S000002454	HEM12 Scer	biolink:GeneOrGeneProduct	infores:pathwaymech
CHEBI:57308	uroporphyrinogen III(8-)	biolink:SmallMolecule	infores:pathwaymech
SGD:S000000816	HEM14 Scer	biolink:GeneOrGeneProduct	infores:pathwaymech
gomodel:RXN0-1461	coproporphyrinogen oxidase activity	biolink:BiochemicalReaction	infores:pathwaymech
gomodel:PROTOHEMEFERROCHELAT-RXN	protoporphyrin ferrochelatase activity	biolink:BiochemicalReaction	infores:pathwaymech
gomodel:UROGENDECARBOX-RXN	uroporphyrinogen decarboxylase activity	biolink:BiochemicalReaction	infores:pathwaymech
gomodel:PROTOPORGENOXI-RXN	protoporphyrinogen oxidase activity, oxygen as acceptor	biolink:BiochemicalReaction	infores:pathwaymech
gomodel:YeastPathways_HEXPPSYN-PWY-2	hexaprenyl diphosphate biosynthesis	biolink:Pathway	infores:pathwaymech
SGD:S000003703	ERG20 Scer	biolink:GeneOrGeneProduct	infores:pathwaymech
CHEBI:128769	isopentenyl diphosphate(3-)	biolink:SmallMolecule	infores:pathwaymech
CHEBI:57623	prenyl diphosphate(3-)	biolink:SmallMolecule	infores:pathwaymech
CHEBI:58057	geranyl diphosphate(3-)	biolink:SmallMolecule	infores:pathwaymech
SGD:S000005990	BTS1 Scer	biolink:GeneOrGeneProduct	infores:pathwaymech
CHEBI:58756	2-trans,6-trans,10-trans-geranylgeranyl diphosphate(3-)	biolink:SmallMolecule	infores:pathwaymech
CHEBI:57907	all-trans-pentaprenyl diphosphate(3-)	biolink:SmallMolecule	infores:pathwaymech
SGD:S000000207	COQ1 Scer	biolink:GeneOrGeneProduct	infores:pathwaymech
CHEBI:58179	all-trans-hexaprenyl diphosphate(3-)	biolink:SmallMolecule	infores:pathwaymech
gomodel:GPPSYN-RXN	dimethylallyltranstransferase activity	biolink:BiochemicalReaction	infores:pathwaymech
gomodel:FPPSYN-RXN	(2E,6E)-farnesyl diphosphate synthase activity	biolink:BiochemicalReaction	infores:pathwaymech
gomodel:FARNESYLTRANSTRANSFERASE-RXN	geranylgeranyl diphosphate synthase activity	biolink:BiochemicalReaction	infores:pathwaymech
gomodel:RXN-8813	geranylfarnesyl diphosphate synthase activity	biolink:BiochemicalReaction	infores:pathwaymech
gomodel:RXN3O-9805	heptaprenyl diphosphate synthase activity	biolink:BiochemicalReaction	infores:pathwaymech
gomodel:YeastPathways_HOMOCYS-CYS-CONVERT	homocysteine and cysteine interconversion	biolink:Pathway	infores:pathwaymech
CHEBI:16134	ammonia	biolink:SmallMolecule	infores:pathwaymech
CHEBI:58161	L-cystathionine dizwitterion	biolink:SmallMolecule	infores:pathwaymech
SGD:S000003152	STR3 Scer	biolink:GeneOrGeneProduct	infores:pathwaymech
CHEBI:57716	O-acetyl-L-homoserine zwitterion	biolink:SmallMolecule	infores:pathwaymech
SGD:S000000010	CYS3 Scer	biolink:GeneOrGeneProduct	infores:pathwaymech
CHEBI:16763	2-oxobutanoate	biolink:SmallMolecule	infores:pathwaymech
SGD:S000003387	CYS4 Scer	biolink:GeneOrGeneProduct	infores:pathwaymech
CHEBI:58199	L-homocysteine zwitterion	biolink:SmallMolecule	infores:pathwaymech
SGD:S000003891	STR2 Scer	biolink:GeneOrGeneProduct	infores:pathwaymech
gomodel:CYSTAGLY-RXN	L-cystathionine + H<sub>2</sub>O <=> 2-oxobutanoate + L-cysteine + ammonia	biolink:BiochemicalReaction	infores:pathwaymech
gomodel:CYSTATHIONINE-BETA-LYASE-RXN	L-cystathionine + H<sub>2</sub>O -> L-homocysteine + pyruvate + ammonium	biolink:BiochemicalReaction	infores:pathwaymech
gomodel:RXN-721	L-cysteine + <i>O</i>-acetyl-L-homoserine -> L-cystathionine + acetate	biolink:BiochemicalReaction	infores:pathwaymech
gomodel:CYSTATHIONINE-BETA-SYNTHASE-RXN	L-homocysteine + L-serine <=> L-cystathionine + H<sub>2</sub>O	biolink:BiochemicalReaction	infores:pathwaymech
MetaCyc:PWY-6123	inosine-5'-phosphate biosynthesis I	biolink:Pathway	infores:pathwaymech
EC:6.3.4.18	5-(carboxyamino)imidazole ribonucleotide synthase	biolink:MolecularActivity	infores:pathwaymech
EC:5.4.99.18	5-(carboxyamino)imidazole ribonucleotide mutase	biolink:MolecularActivity	infores:pathwaymech
EC:6.3.2.6	phosphoribosylaminoimidazolesuccinocarboxamide synthase	biolink:MolecularActivity	infores:pathwaymech
EC:4.3.2.2	adenylosuccinate lyase	biolink:MolecularActivity	infores:pathwaymech
EC:2.1.2.3	phosphoribosylaminoimidazolecarboxamide formyltransferase	biolink:MolecularActivity	infores:pathwaymech
EC:3.5.4.10	IMP cyclohydrolase	biolink:MolecularActivity	infores:pathwaymech
CHEBI:58730	5-carboxyamino-1-(5-phospho-D-ribosyl)imidazole	biolink:SmallMolecule	infores:pathwaymech
CHEBI:77657	5-amino-1-(5-phospho-D-ribosyl)imidazole-4-carboxylate	biolink:SmallMolecule	infores:pathwaymech
CHEBI:58443	(2S)-2-[5-amino-1-(5-phospho-beta-D-ribosyl)imidazole-4-carboxamido]succinate	biolink:SmallMolecule	infores:pathwaymech
CHEBI:58475	5-amino-1-(5-phospho-beta-D-ribosyl)imidazole-4-carboxamide	biolink:SmallMolecule	infores:pathwaymech
CHEBI:58467	5-formamido-1-(5-phospho-D-ribosyl)imidazole-4-carboxamide	biolink:SmallMolecule	infores:pathwaymech
RHEA:19318	5-(carboxyamino)imidazole ribonucleotide synthase reaction	biolink:BiochemicalReaction	infores:pathwaymech
RHEA:13194	5-(carboxyamino)imidazole ribonucleotide mutase reaction	biolink:BiochemicalReaction	infores:pathwaymech
RHEA:22629	phosphoribosylaminoimidazolesuccinocarboxamide synthase reaction	biolink:BiochemicalReaction	infores:pathwaymech
RHEA:23921	adenylosuccinate lyase SAICAR-cleavage reaction	biolink:BiochemicalReaction	infores:pathwaymech
RHEA:22193	AICAR transformylase reaction	biolink:BiochemicalReaction	infores:pathwaymech
RHEA:18447	IMP cyclohydrolase reaction	biolink:BiochemicalReaction	infores:pathwaymech
MetaCyc:PWY-6124	inosine-5'-phosphate biosynthesis II	biolink:Pathway	infores:pathwaymech
NCBITaxon:158	Treponema denticola	biolink:OrganismTaxon	infores:pathwaymech
EC:4.1.1.21	phosphoribosylaminoimidazole carboxylase	biolink:MolecularActivity	infores:pathwaymech
RHEA:10795	phosphoribosylaminoimidazole carboxylase reaction	biolink:BiochemicalReaction	infores:pathwaymech
gomodel:YeastPathways_PWY3O-402	inositol phosphate biosynthesis	biolink:Pathway	infores:pathwaymech
SGD:S000002424	KCS1 Scer	biolink:GeneOrGeneProduct	infores:pathwaymech
CHEBI:203600	1D-myo-inositol 1,4,5-trisphosphate(6-)	biolink:SmallMolecule	infores:pathwaymech
CHEBI:53064	4-diphospho-1D-myo-inositol pentakisphosphate	biolink:SmallMolecule	infores:pathwaymech
CHEBI:57627	1D-myo-inositol 1,4,5,6-tetrakisphosphate(8-)	biolink:SmallMolecule	infores:pathwaymech
SGD:S000002723	IPK1 Scer	biolink:GeneOrGeneProduct	infores:pathwaymech
CHEBI:58130	myo-inositol hexakisphosphate(12-)	biolink:SmallMolecule	infores:pathwaymech
SGD:S000005689	DDP1 Scer	biolink:GeneOrGeneProduct	infores:pathwaymech
CHEBI:14178	1D-myo-inositol bis(diphosphate) tetrakisphosphate	biolink:SmallMolecule	infores:pathwaymech
CHEBI:52965	5,6-bis(diphospho)-1D-myo-inositol tetrakisphosphate	biolink:SmallMolecule	infores:pathwaymech
SGD:S000002580	ARG82 Scer	biolink:GeneOrGeneProduct	infores:pathwaymech
CHEBI:57895	1D-myo-inositol 1,3,4,5-tetrakisphosphate(8-)	biolink:SmallMolecule	infores:pathwaymech
CHEBI:18348	1-phosphatidyl-1D-myo-inositol 4,5-bisphosphate	biolink:SmallMolecule	infores:pathwaymech
CHEBI:58628	5-diphospho-1D-myo-inositol pentakisphosphate(13-)	biolink:SmallMolecule	infores:pathwaymech
CHEBI:16322	myo-inositol 1,3,4,5,6-pentakisphosphate	biolink:SmallMolecule	infores:pathwaymech
SGD:S000006189	PLC1 Scer	biolink:GeneOrGeneProduct	infores:pathwaymech
CHEBI:62919	1-diphospho-1D-myo-inositol 2,3,4,5,6-pentakisphosphate	biolink:SmallMolecule	infores:pathwaymech
SGD:S000004402	VIP1 Scer	biolink:GeneOrGeneProduct	infores:pathwaymech
CHEBI:17815	1,2-diacyl-sn-glycerol	biolink:SmallMolecule	infores:pathwaymech
gomodel:RXN-7162	D-<i>myo</i>-inositol (1,4,5,6)-tetrakisphosphate + ATP -> D-<i>myo</i>-inositol 1,3,4,5,6-pentakisphosphate + ADP + H<SUP>+</SUP>	biolink:BiochemicalReaction	infores:pathwaymech
gomodel:RXN-4941	ATP + D-<i>myo</i>-inositol 1,3,4,5,6-pentakisphosphate -> a diphospho-1D-myo-inositol tetrakisphosphate + ADP	biolink:BiochemicalReaction	infores:pathwaymech
gomodel:RXN-7163	D-<i>myo</i>-inositol 1,3,4,5,6-pentakisphosphate + ATP -> phytate + ADP + H<SUP>+</SUP>	biolink:BiochemicalReaction	infores:pathwaymech
gomodel:2.7.1.127-RXN	D-<i>myo</i>-inositol (1,4,5)-trisphosphate + ATP -> D-<i>myo</i>-inositol (1,3,4,5)-tetrakisphosphate + ADP + H<SUP>+</SUP>	biolink:BiochemicalReaction	infores:pathwaymech
gomodel:2.7.1.152-RXN	phytate + ATP + H<SUP>+</SUP> -> 1D-<i>myo</i>inositol 5-diphosphate 1,2,3,4,6-pentakisphosphate + ADP + H<SUP>+</SUP>	biolink:BiochemicalReaction	infores:pathwaymech
gomodel:RXN3O-786	[PP]<sub>2</sub>-IP<sub>4</sub> + H<sub>2</sub>O -> diphosphoinositol pentakisphosphate + phosphate	biolink:BiochemicalReaction	infores:pathwaymech
gomodel:2.7.1.151-RXN	D-<i>myo</i>-inositol (1,4,5)-trisphosphate + ATP -> D-<i>myo</i>-inositol (1,4,5,6)-tetrakisphosphate + ADP + H<SUP>+</SUP>	biolink:BiochemicalReaction	infores:pathwaymech
gomodel:RXN3O-258	ATP + phytate -> ADP + 4- or 6-diphosphoinositol pentakisphosphate	biolink:BiochemicalReaction	infores:pathwaymech
gomodel:YeastPathways_PWY3O-402/6a4c244800000690	inositol pentakisphosphate kinase activity	biolink:BiochemicalReaction	infores:pathwaymech
gomodel:RXN3O-785	diphosphoinositol pentakisphosphate + H<sub>2</sub>O -> phytate + phosphate	biolink:BiochemicalReaction	infores:pathwaymech
gomodel:3.1.4.11-RXN	a 1-phosphatidyl-1D-<i>myo</i>-inositol 4,5-bisphosphate + H<sub>2</sub>O -> a 1,2-diacyl-<i>sn</i>-glycerol + D-<i>myo</i>-inositol (1,4,5)-trisphosphate + H<SUP>+</SUP>	biolink:BiochemicalReaction	infores:pathwaymech
gomodel:RXN-7184	D-<i>myo</i>-inositol (1,3,4,5)-tetrakisphosphate + ATP -> D-<i>myo</i>-inositol 1,3,4,5,6-pentakisphosphate + ADP + H<SUP>+</SUP>	biolink:BiochemicalReaction	infores:pathwaymech
gomodel:RXN3O-143	ATP + 1D-<i>myo</i>inositol 5-diphosphate 1,2,3,4,6-pentakisphosphate -> ADP + [PP]<sub>2</sub>-IP<sub>4</sub>	biolink:BiochemicalReaction	infores:pathwaymech
WikiPathways:WP178	Isoleucine degradation	biolink:Pathway	infores:pathwaymech
CHEBI:58045	L-isoleucine	biolink:SmallMolecule	infores:pathwaymech
CHEBI:35146	(S)-3-methyl-2-oxopentanoate	biolink:SmallMolecule	infores:pathwaymech
CHEBI:16182	2-methylbutanal	biolink:SmallMolecule	infores:pathwaymech
CHEBI:48945	2-methylbutanol	biolink:SmallMolecule	infores:pathwaymech
WikiPathways:WP178/id59c25f71	L-isoleucine to (S)-3-methyl-2-oxopentanoate GPML interaction	biolink:BiochemicalReaction	infores:pathwaymech
WikiPathways:WP178/idf1c4befb	(S)-3-methyl-2-oxopentanoate to 2-methylbutanal GPML interaction	biolink:BiochemicalReaction	infores:pathwaymech
WikiPathways:WP178/idbcd10869	2-methylbutanal to 2-methylbutanol GPML interaction	biolink:BiochemicalReaction	infores:pathwaymech
MetaCyc:ARABCAT-PWY	L-arabinose degradation I	biolink:Pathway	infores:pathwaymech
EC:5.3.1.4	L-arabinose isomerase	biolink:MolecularActivity	infores:pathwaymech
EC:2.7.1.16	ribulokinase	biolink:MolecularActivity	infores:pathwaymech
EC:5.1.3.4	L-ribulose-5-phosphate 4-epimerase	biolink:MolecularActivity	infores:pathwaymech
CHEBI:40886	beta-L-arabinopyranose	biolink:SmallMolecule	infores:pathwaymech
CHEBI:16880	L-ribulose	biolink:SmallMolecule	infores:pathwaymech
CHEBI:58226	L-ribulose 5-phosphate	biolink:SmallMolecule	infores:pathwaymech
RHEA:14824	L-arabinose isomerase reaction	biolink:BiochemicalReaction	infores:pathwaymech
RHEA:22073	ribulokinase reaction	biolink:BiochemicalReaction	infores:pathwaymech
RHEA:22371	L-ribulose-5-phosphate 4-epimerase reaction	biolink:BiochemicalReaction	infores:pathwaymech
MetaCyc:ARGSYN-PWY	L-arginine biosynthesis I (via L-ornithine)	biolink:Pathway	infores:pathwaymech
EC:2.3.1.1	N-acetylglutamate synthase	biolink:MolecularActivity	infores:pathwaymech
EC:2.7.2.8	acetylglutamate kinase	biolink:MolecularActivity	infores:pathwaymech
EC:1.2.1.38	N-acetyl-gamma-glutamyl-phosphate reductase	biolink:MolecularActivity	infores:pathwaymech
EC:2.6.1.11	acetylornithine aminotransferase	biolink:MolecularActivity	infores:pathwaymech
EC:3.5.1.16	acetylornithine deacetylase	biolink:MolecularActivity	infores:pathwaymech
EC:2.1.3.3	ornithine carbamoyltransferase	biolink:MolecularActivity	infores:pathwaymech
EC:6.3.4.5	argininosuccinate synthase	biolink:MolecularActivity	infores:pathwaymech
EC:4.3.2.1	argininosuccinate lyase	biolink:MolecularActivity	infores:pathwaymech
CHEBI:44337	N-acetyl-L-glutamate	biolink:SmallMolecule	infores:pathwaymech
CHEBI:57936	N-acetyl-L-glutamyl 5-phosphate	biolink:SmallMolecule	infores:pathwaymech
CHEBI:29123	N-acetyl-L-glutamate 5-semialdehyde	biolink:SmallMolecule	infores:pathwaymech
CHEBI:57805	N(2)-acetyl-L-ornithine	biolink:SmallMolecule	infores:pathwaymech
CHEBI:57472	2-(N(omega)-L-arginino)succinate	biolink:SmallMolecule	infores:pathwaymech
CHEBI:32682	L-arginine	biolink:SmallMolecule	infores:pathwaymech
RHEA:24293	N-acetylglutamate synthase reaction	biolink:BiochemicalReaction	infores:pathwaymech
RHEA:14630	N-acetylglutamate kinase reaction	biolink:BiochemicalReaction	infores:pathwaymech
RHEA:21590	N-acetylglutamyl-phosphate reductase reaction	biolink:BiochemicalReaction	infores:pathwaymech
RHEA:18051	acetylornithine aminotransferase reaction	biolink:BiochemicalReaction	infores:pathwaymech
RHEA:15942	acetylornithine deacetylase reaction	biolink:BiochemicalReaction	infores:pathwaymech
RHEA:19514	ornithine carbamoyltransferase reaction	biolink:BiochemicalReaction	infores:pathwaymech
RHEA:10933	argininosuccinate synthase reaction	biolink:BiochemicalReaction	infores:pathwaymech
RHEA:24021	argininosuccinate lyase reaction	biolink:BiochemicalReaction	infores:pathwaymech
gomodel:YeastPathways_ARGSYNBSUB-PWY	L-arginine biosynthesis II (acetyl cycle)	biolink:Pathway	infores:pathwaymech
SGD:S000003607	ARG2 Scer	biolink:GeneOrGeneProduct	infores:pathwaymech
SGD:S000000871	ARG56 Scer	biolink:GeneOrGeneProduct	infores:pathwaymech
SGD:S000005500	ARG8 Scer	biolink:GeneOrGeneProduct	infores:pathwaymech
SGD:S000004666	ARG7 Scer	biolink:GeneOrGeneProduct	infores:pathwaymech
SGD:S000005419	ARG1 Scer	biolink:GeneOrGeneProduct	infores:pathwaymech
SGD:S000001060	ARG4 Scer	biolink:GeneOrGeneProduct	infores:pathwaymech
gomodel:N-ACETYLTRANSFER-RXN	L-methionine N-acyltransferase activity	biolink:BiochemicalReaction	infores:pathwaymech
gomodel:ACETYLGLUTKIN-RXN	acetylglutamate kinase activity	biolink:BiochemicalReaction	infores:pathwaymech
gomodel:N-ACETYLGLUTPREDUCT-RXN	N-acetyl-gamma-glutamyl-phosphate reductase (NADP+) activity	biolink:BiochemicalReaction	infores:pathwaymech
gomodel:ACETYLORNTRANSAM-RXN	N2-acetyl-L-ornithine:2-oxoglutarate 5-transaminase activity	biolink:BiochemicalReaction	infores:pathwaymech
gomodel:GLUTAMATE-N-ACETYLTRANSFERASE-RXN	L-glutamate N-acetyltransferase activity, acting on acetyl-L-ornithine as donor	biolink:BiochemicalReaction	infores:pathwaymech
gomodel:YeastPathways_ARGSYNBSUB-PWY/6a4c244800000704	L-methionine N-acyltransferase activity	biolink:BiochemicalReaction	infores:pathwaymech
gomodel:ARGSUCCINSYN-RXN	argininosuccinate synthase activity	biolink:BiochemicalReaction	infores:pathwaymech
gomodel:ARGSUCCINLYA-RXN	argininosuccinate lyase activity	biolink:BiochemicalReaction	infores:pathwaymech
MetaCyc:AST-PWY	L-arginine degradation II (AST pathway)	biolink:Pathway	infores:pathwaymech
NCBITaxon:287	Pseudomonas aeruginosa	biolink:OrganismTaxon	infores:pathwaymech
EC:2.3.1.109	arginine N-succinyltransferase	biolink:MolecularActivity	infores:pathwaymech
EC:3.5.3.23	N-succinylarginine dihydrolase	biolink:MolecularActivity	infores:pathwaymech
EC:2.6.1.81	succinylornithine transaminase	biolink:MolecularActivity	infores:pathwaymech
EC:1.2.1.71	succinylglutamate-semialdehyde dehydrogenase	biolink:MolecularActivity	infores:pathwaymech
EC:3.5.1.96	succinylglutamate desuccinylase	biolink:MolecularActivity	infores:pathwaymech
CHEBI:57292	succinyl-CoA	biolink:SmallMolecule	infores:pathwaymech
CHEBI:58241	N(2)-succinyl-L-arginine	biolink:SmallMolecule	infores:pathwaymech
CHEBI:58514	N(2)-succinyl-L-ornithine	biolink:SmallMolecule	infores:pathwaymech
CHEBI:58520	N-succinyl-L-glutamate 5-semialdehyde	biolink:SmallMolecule	infores:pathwaymech
CHEBI:58763	N-succinyl-L-glutamate	biolink:SmallMolecule	infores:pathwaymech
RHEA:15186	arginine N-succinyltransferase reaction	biolink:BiochemicalReaction	infores:pathwaymech
RHEA:19534	N-succinylarginine dihydrolase reaction	biolink:BiochemicalReaction	infores:pathwaymech
RHEA:16954	succinylornithine transaminase reaction	biolink:BiochemicalReaction	infores:pathwaymech
RHEA:10813	succinylglutamate-semialdehyde dehydrogenase reaction	biolink:BiochemicalReaction	infores:pathwaymech
RHEA:15170	succinylglutamate desuccinylase reaction	biolink:BiochemicalReaction	infores:pathwaymech
MetaCyc:ARGDEG-III-PWY	L-arginine degradation IV (arginine decarboxylase/agmatine deiminase pathway)	biolink:Pathway	infores:pathwaymech
EC:4.1.1.19	arginine decarboxylase	biolink:MolecularActivity	infores:pathwaymech
EC:3.5.3.12	agmatine deiminase	biolink:MolecularActivity	infores:pathwaymech
EC:3.5.1.53	N-carbamoylputrescine amidase	biolink:MolecularActivity	infores:pathwaymech
CHEBI:58145	agmatine	biolink:SmallMolecule	infores:pathwaymech
CHEBI:58318	N-carbamoylputrescine	biolink:SmallMolecule	infores:pathwaymech
CHEBI:326268	putrescine	biolink:SmallMolecule	infores:pathwaymech
RHEA:17642	L-arginine decarboxylase reaction	biolink:BiochemicalReaction	infores:pathwaymech
RHEA:18038	agmatine deiminase reaction	biolink:BiochemicalReaction	infores:pathwaymech
RHEA:22285	N-carbamoylputrescine amidohydrolase reaction	biolink:BiochemicalReaction	infores:pathwaymech
MetaCyc:ARGDEGRAD-PWY	L-arginine degradation V (arginine deiminase pathway)	biolink:Pathway	infores:pathwaymech
NCBITaxon:2242	Halobacterium salinarum	biolink:OrganismTaxon	infores:pathwaymech
EC:3.5.3.6	arginine deiminase	biolink:MolecularActivity	infores:pathwaymech
EC:2.7.2.2	carbamate kinase	biolink:MolecularActivity	infores:pathwaymech
RHEA:19598	L-arginine deiminase reaction	biolink:BiochemicalReaction	infores:pathwaymech
RHEA:19515	catabolic ornithine carbamoyltransferase reaction	biolink:BiochemicalReaction	infores:pathwaymech
RHEA:10154	ATP-forming carbamate kinase reaction	biolink:BiochemicalReaction	infores:pathwaymech
gomodel:YeastPathways_ASPARAGINE-BIOSYNTHESIS-1	L-asparagine biosynthesis I	biolink:Pathway	infores:pathwaymech
SGD:S000006349	ASN1 Scer	biolink:GeneOrGeneProduct	infores:pathwaymech
SGD:S000003356	ASN2 Scer	biolink:GeneOrGeneProduct	infores:pathwaymech
CHEBI:58048	L-asparagine zwitterion	biolink:SmallMolecule	infores:pathwaymech
gomodel:YeastPathways_ASPARAGINE-BIOSYNTHESIS-1/6a4c244800003553	L-aspartate:2-oxoglutarate transaminase activity	biolink:BiochemicalReaction	infores:pathwaymech
gomodel:ASNSYNB-RXN	asparagine synthase (glutamine-hydrolyzing) activity	biolink:BiochemicalReaction	infores:pathwaymech
gomodel:YeastPathways_ASPARAGINE-BIOSYNTHESIS-1/6a4c244800003568	asparagine synthase (glutamine-hydrolyzing) activity	biolink:BiochemicalReaction	infores:pathwaymech
gomodel:YeastPathways_ASPARAGINE-DEG2-PWY	asparagine degradation	biolink:Pathway	infores:pathwaymech
SGD:S000002729	ASP1 Scer	biolink:GeneOrGeneProduct	infores:pathwaymech
SGD:S000004145	ASP3-1 Scer	biolink:GeneOrGeneProduct	infores:pathwaymech
SGD:S000004147	ASP3-2 Scer	biolink:GeneOrGeneProduct	infores:pathwaymech
SGD:S000004148	ASP3-3 Scer	biolink:GeneOrGeneProduct	infores:pathwaymech
SGD:S000004150	ASP3-4 Scer	biolink:GeneOrGeneProduct	infores:pathwaymech
gomodel:ASPARAGHYD-RXN	asparaginase activity	biolink:BiochemicalReaction	infores:pathwaymech
gomodel:YeastPathways_ASPARAGINE-DEG2-PWY/6a4c244800002822	asparaginase activity	biolink:BiochemicalReaction	infores:pathwaymech
gomodel:YeastPathways_ASPARAGINE-DEG2-PWY/6a4c244800002839	asparaginase activity	biolink:BiochemicalReaction	infores:pathwaymech
gomodel:YeastPathways_ASPARAGINE-DEG2-PWY/6a4c244800002870	asparaginase activity	biolink:BiochemicalReaction	infores:pathwaymech
gomodel:YeastPathways_ASPARAGINE-DEG2-PWY/6a4c244800002855	asparaginase activity	biolink:BiochemicalReaction	infores:pathwaymech
gomodel:YeastPathways_ASPARAGINE-DEG2-PWY/6a4c244800002808	L-aspartate:2-oxoglutarate transaminase activity	biolink:BiochemicalReaction	infores:pathwaymech
MetaCyc:CYSTSYN-PWY	L-cysteine biosynthesis I	biolink:Pathway	infores:pathwaymech
EC:2.3.1.30	serine O-acetyltransferase	biolink:MolecularActivity	infores:pathwaymech
EC:2.5.1.47	cysteine synthase	biolink:MolecularActivity	infores:pathwaymech
CHEBI:58340	O-acetyl-L-serine	biolink:SmallMolecule	infores:pathwaymech
CHEBI:29919	hydrosulfide	biolink:SmallMolecule	infores:pathwaymech
RHEA:24561	serine O-acetyltransferase reaction	biolink:BiochemicalReaction	infores:pathwaymech
RHEA:14830	O-acetyl-L-serine sulfhydrylase reaction	biolink:BiochemicalReaction	infores:pathwaymech
gomodel:YeastPathways_HOMOCYSDEGR-PWY-1	L-cysteine biosynthesis III (from L-homocysteine)	biolink:Pathway	infores:pathwaymech
MetaCyc:FUCCAT-PWY	L-fucose degradation I	biolink:Pathway	infores:pathwaymech
EC:5.1.3.29	L-fucose mutarotase	biolink:MolecularActivity	infores:pathwaymech
EC:5.3.1.25	L-fucose isomerase	biolink:MolecularActivity	infores:pathwaymech
EC:2.7.1.51	L-fuculokinase	biolink:MolecularActivity	infores:pathwaymech
EC:4.1.2.17	L-fuculose-phosphate aldolase	biolink:MolecularActivity	infores:pathwaymech
CHEBI:42589	beta-L-fucose	biolink:SmallMolecule	infores:pathwaymech
CHEBI:42548	alpha-L-fucose	biolink:SmallMolecule	infores:pathwaymech
CHEBI:2181	L-fucose	biolink:SmallMolecule	infores:pathwaymech
CHEBI:17617	L-fuculose	biolink:SmallMolecule	infores:pathwaymech
CHEBI:57846	L-fuculose 1-phosphate	biolink:SmallMolecule	infores:pathwaymech
CHEBI:18041	(S)-lactaldehyde	biolink:SmallMolecule	infores:pathwaymech
RHEA:25583	L-fucose mutarotase reaction	biolink:BiochemicalReaction	infores:pathwaymech
RHEA:17236	L-fucose isomerase reaction	biolink:BiochemicalReaction	infores:pathwaymech
RHEA:12377	L-fuculokinase reaction	biolink:BiochemicalReaction	infores:pathwaymech
RHEA:12934	L-fuculose-phosphate aldolase reaction	biolink:BiochemicalReaction	infores:pathwaymech
MetaCyc:HISTSYN-PWY	L-histidine biosynthesis	biolink:Pathway	infores:pathwaymech
EC:2.4.2.17	ATP phosphoribosyltransferase	biolink:MolecularActivity	infores:pathwaymech
EC:3.6.1.31	phosphoribosyl-ATP diphosphatase	biolink:MolecularActivity	infores:pathwaymech
EC:3.5.4.19	phosphoribosyl-AMP cyclohydrolase	biolink:MolecularActivity	infores:pathwaymech
EC:5.3.1.16	phosphoribulosylformimino-AICAR-phosphate isomerase	biolink:MolecularActivity	infores:pathwaymech
EC:4.3.2.10	imidazoleglycerol-phosphate synthase	biolink:MolecularActivity	infores:pathwaymech
EC:4.2.1.19	imidazoleglycerol-phosphate dehydratase	biolink:MolecularActivity	infores:pathwaymech
EC:2.6.1.9	histidinol-phosphate aminotransferase	biolink:MolecularActivity	infores:pathwaymech
EC:3.1.3.15	histidinol-phosphatase	biolink:MolecularActivity	infores:pathwaymech
EC:1.1.1.23	histidinol dehydrogenase	biolink:MolecularActivity	infores:pathwaymech
CHEBI:73183	1-(5-phospho-beta-D-ribosyl)-ATP	biolink:SmallMolecule	infores:pathwaymech
CHEBI:59457	1-(5-phospho-beta-D-ribosyl)-5'-AMP	biolink:SmallMolecule	infores:pathwaymech
CHEBI:58435	1-(5-phospho-beta-D-ribosyl)-5-[(5-phospho-beta-D-ribosylamino)methylideneamino]imidazole-4-carboxamide	biolink:SmallMolecule	infores:pathwaymech
CHEBI:58525	5-[(5-phospho-1-deoxy-D-ribulos-1-ylimino)methylamino]-1-(5-phospho-beta-D-ribosyl)imidazole-4-carboxamide	biolink:SmallMolecule	infores:pathwaymech
CHEBI:58278	D-erythro-1-(imidazol-4-yl)glycerol 3-phosphate	biolink:SmallMolecule	infores:pathwaymech
CHEBI:57766	3-(imidazol-4-yl)-2-oxopropyl phosphate	biolink:SmallMolecule	infores:pathwaymech
CHEBI:57980	L-histidinol phosphate	biolink:SmallMolecule	infores:pathwaymech
CHEBI:57699	L-histidinol	biolink:SmallMolecule	infores:pathwaymech
CHEBI:64802	L-histidinal	biolink:SmallMolecule	infores:pathwaymech
CHEBI:57595	L-histidine	biolink:SmallMolecule	infores:pathwaymech
RHEA:18475	ATP phosphoribosyltransferase reaction	biolink:BiochemicalReaction	infores:pathwaymech
RHEA:22829	phosphoribosyl-ATP diphosphatase reaction	biolink:BiochemicalReaction	infores:pathwaymech
RHEA:20050	phosphoribosyl-AMP cyclohydrolase reaction	biolink:BiochemicalReaction	infores:pathwaymech
RHEA:15470	phosphoribulosylformimino-AICAR-phosphate isomerase reaction	biolink:BiochemicalReaction	infores:pathwaymech
RHEA:24794	imidazoleglycerol-phosphate synthase reaction	biolink:BiochemicalReaction	infores:pathwaymech
RHEA:11041	imidazoleglycerol-phosphate dehydratase reaction	biolink:BiochemicalReaction	infores:pathwaymech
RHEA:23746	histidinol-phosphate aminotransferase reaction	biolink:BiochemicalReaction	infores:pathwaymech
RHEA:14466	histidinol-phosphatase reaction	biolink:BiochemicalReaction	infores:pathwaymech
RHEA:33800	histidinol dehydrogenase first oxidation	biolink:BiochemicalReaction	infores:pathwaymech
RHEA:33804	histidinal dehydrogenase reaction	biolink:BiochemicalReaction	infores:pathwaymech
gomodel:YeastPathways_PWY-5344	L-homocysteine biosynthesis	biolink:Pathway	infores:pathwaymech
SGD:S000005221	MET2 Scer	biolink:GeneOrGeneProduct	infores:pathwaymech
CHEBI:57476	L-homoserine zwitterion	biolink:SmallMolecule	infores:pathwaymech
SGD:S000004294	MET17 Scer	biolink:GeneOrGeneProduct	infores:pathwaymech
gomodel:ACETYLHOMOSER-CYS-RXN	<i>O</i>-acetyl-L-homoserine + hydrogen sulfide -> L-homocysteine + acetate + H<SUP>+</SUP>	biolink:BiochemicalReaction	infores:pathwaymech
gomodel:HOMOSERINE-O-ACETYLTRANSFERASE-RXN	L-homoserine + acetyl-CoA -> <i>O</i>-acetyl-L-homoserine + coenzyme A	biolink:BiochemicalReaction	infores:pathwaymech
MetaCyc:HOMOSERSYN-PWY	L-homoserine biosynthesis	biolink:Pathway	infores:pathwaymech
EC:1.1.1.3	homoserine dehydrogenase	biolink:MolecularActivity	infores:pathwaymech
RHEA:15763	NADPH-dependent homoserine dehydrogenase reaction	biolink:BiochemicalReaction	infores:pathwaymech
MetaCyc:ILEUSYN-PWY	L-isoleucine biosynthesis I (from threonine)	biolink:Pathway	infores:pathwaymech
EC:4.3.1.19	threonine ammonia-lyase	biolink:MolecularActivity	infores:pathwaymech
EC:2.2.1.6	acetolactate synthase	biolink:MolecularActivity	infores:pathwaymech
EC:1.1.1.86	ketol-acid reductoisomerase (NADP(+))	biolink:MolecularActivity	infores:pathwaymech
EC:4.2.1.9	dihydroxy-acid dehydratase	biolink:MolecularActivity	infores:pathwaymech
EC:2.6.1.42	branched-chain-amino-acid transaminase	biolink:MolecularActivity	infores:pathwaymech
CHEBI:57926	L-threonine	biolink:SmallMolecule	infores:pathwaymech
CHEBI:49256	(S)-2-ethyl-2-hydroxy-3-oxobutanoate	biolink:SmallMolecule	infores:pathwaymech
CHEBI:49258	(2R,3R)-2,3-dihydroxy-3-methylpentanoate	biolink:SmallMolecule	infores:pathwaymech
RHEA:22109	L-threonine ammonia-lyase reaction	biolink:BiochemicalReaction	infores:pathwaymech
RHEA:27655	acetohydroxybutanoate synthase reaction	biolink:BiochemicalReaction	infores:pathwaymech
RHEA:13495	acetohydroxy acid isomeroreductase reaction	biolink:BiochemicalReaction	infores:pathwaymech
RHEA:27695	dihydroxy-acid dehydratase reaction	biolink:BiochemicalReaction	infores:pathwaymech
RHEA:24803	L-isoleucine aminotransferase reaction	biolink:BiochemicalReaction	infores:pathwaymech
MetaCyc:LEUSYN-PWY	L-leucine biosynthesis	biolink:Pathway	infores:pathwaymech
EC:2.3.3.13	2-isopropylmalate synthase	biolink:MolecularActivity	infores:pathwaymech
EC:4.2.1.33	3-isopropylmalate dehydratase	biolink:MolecularActivity	infores:pathwaymech
EC:1.1.1.85	3-isopropylmalate dehydrogenase	biolink:MolecularActivity	infores:pathwaymech
CHEBI:11851	3-methyl-2-oxobutanoate	biolink:SmallMolecule	infores:pathwaymech
CHEBI:1178	(2S)-2-isopropylmalate	biolink:SmallMolecule	infores:pathwaymech
CHEBI:35121	(2R,3S)-3-isopropylmalate	biolink:SmallMolecule	infores:pathwaymech
CHEBI:17865	4-methyl-2-oxopentanoate	biolink:SmallMolecule	infores:pathwaymech
CHEBI:57427	L-leucine	biolink:SmallMolecule	infores:pathwaymech
RHEA:21525	2-isopropylmalate synthase reaction	biolink:BiochemicalReaction	infores:pathwaymech
RHEA:32289	3-isopropylmalate dehydratase reaction	biolink:BiochemicalReaction	infores:pathwaymech
RHEA:32272	3-isopropylmalate dehydrogenase reaction	biolink:BiochemicalReaction	infores:pathwaymech
RHEA:18323	L-leucine aminotransferase reaction	biolink:BiochemicalReaction	infores:pathwaymech
MetaCyc:DAPLYSINESYN-PWY	L-lysine biosynthesis I	biolink:Pathway	infores:pathwaymech
EC:4.3.3.7	4-hydroxy-tetrahydrodipicolinate synthase	biolink:MolecularActivity	infores:pathwaymech
EC:1.17.1.8	4-hydroxy-tetrahydrodipicolinate reductase	biolink:MolecularActivity	infores:pathwaymech
EC:2.3.1.117	tetrahydrodipicolinate N-succinyltransferase	biolink:MolecularActivity	infores:pathwaymech
EC:2.6.1.17	succinyldiaminopimelate transaminase	biolink:MolecularActivity	infores:pathwaymech
EC:3.5.1.18	succinyl-diaminopimelate desuccinylase	biolink:MolecularActivity	infores:pathwaymech
EC:5.1.1.7	diaminopimelate epimerase	biolink:MolecularActivity	infores:pathwaymech
EC:4.1.1.20	diaminopimelate decarboxylase	biolink:MolecularActivity	infores:pathwaymech
CHEBI:67139	(2S,4S)-4-hydroxy-2,3,4,5-tetrahydrodipicolinate	biolink:SmallMolecule	infores:pathwaymech
CHEBI:16845	(S)-2,3,4,5-tetrahydrodipicolinate	biolink:SmallMolecule	infores:pathwaymech
CHEBI:15685	(S)-2-succinylamino-6-oxoheptanedioate	biolink:SmallMolecule	infores:pathwaymech
CHEBI:58087	N-succinyl-(2S,6S)-2,6-diaminopimelate	biolink:SmallMolecule	infores:pathwaymech
CHEBI:57609	(2S,6S)-2,6-diaminopimelate	biolink:SmallMolecule	infores:pathwaymech
CHEBI:57791	meso-2,6-diaminopimelate	biolink:SmallMolecule	infores:pathwaymech
CHEBI:32551	L-lysine	biolink:SmallMolecule	infores:pathwaymech
RHEA:34172	4-hydroxy-tetrahydrodipicolinate synthase reaction	biolink:BiochemicalReaction	infores:pathwaymech
RHEA:35325	NADH-dependent dihydrodipicolinate reductase reaction	biolink:BiochemicalReaction	infores:pathwaymech
RHEA:35333	NADPH-dependent dihydrodipicolinate reductase reaction	biolink:BiochemicalReaction	infores:pathwaymech
RHEA:17326	tetrahydrodipicolinate N-succinyltransferase reaction	biolink:BiochemicalReaction	infores:pathwaymech
RHEA:11962	N-succinyldiaminopimelate aminotransferase reaction	biolink:BiochemicalReaction	infores:pathwaymech
RHEA:22609	N-succinyldiaminopimelate desuccinylase reaction	biolink:BiochemicalReaction	infores:pathwaymech
RHEA:15394	diaminopimelate epimerase reaction	biolink:BiochemicalReaction	infores:pathwaymech
RHEA:15102	diaminopimelate decarboxylase reaction	biolink:BiochemicalReaction	infores:pathwaymech
gomodel:YeastPathways_LYSINE-AMINOAD-PWY-2	L-lysine biosynthesis IV	biolink:Pathway	infores:pathwaymech
CHEBI:57499	2-oxoadipate(2-)	biolink:SmallMolecule	infores:pathwaymech
CHEBI:15404	(-)-homoisocitrate(3-)	biolink:SmallMolecule	infores:pathwaymech
CHEBI:58174	but-1-ene-1,2,4-tricarboxylate	biolink:SmallMolecule	infores:pathwaymech
SGD:S000002642	LYS4 Scer	biolink:GeneOrGeneProduct	infores:pathwaymech
CHEBI:58672	L-2-aminoadipate(1-)	biolink:SmallMolecule	infores:pathwaymech
CHEBI:57951	L-saccharopinate(1-)	biolink:SmallMolecule	infores:pathwaymech
CHEBI:58884	(2R)-homocitrate(3-)	biolink:SmallMolecule	infores:pathwaymech
CHEBI:58321	L-allysine zwitterion	biolink:SmallMolecule	infores:pathwaymech
SGD:S000001356	LYS12 Scer	biolink:GeneOrGeneProduct	infores:pathwaymech
SGD:S000001473	LYS1 Scer	biolink:GeneOrGeneProduct	infores:pathwaymech
SGD:S000002289	LYS21 Scer	biolink:GeneOrGeneProduct	infores:pathwaymech
SGD:S000005333	LYS9 Scer	biolink:GeneOrGeneProduct	infores:pathwaymech
SGD:S000000319	LYS2 Scer	biolink:GeneOrGeneProduct	infores:pathwaymech
SGD:S000002341	LYS20 Scer	biolink:GeneOrGeneProduct	infores:pathwaymech
SGD:S000003170	ARO8 Scer	biolink:GeneOrGeneProduct	infores:pathwaymech
gomodel:HOMOCITRATE-SYNTHASE-RXN	homocitrate synthase activity	biolink:BiochemicalReaction	infores:pathwaymech
gomodel:2-AMINOADIPATE-AMINOTRANSFERASE-RXN	L-2-aminoadipate:2-oxoglutarate transaminase activity	biolink:BiochemicalReaction	infores:pathwaymech
gomodel:HOMOACONITATE-HYDRATASE-RXN	homoaconitate hydratase activity	biolink:BiochemicalReaction	infores:pathwaymech
gomodel:YeastPathways_LYSINE-AMINOAD-PWY-2/6a4c244800001076	homocitrate synthase activity	biolink:BiochemicalReaction	infores:pathwaymech
gomodel:RXN3O-1983	homoaconitate hydratase activity	biolink:BiochemicalReaction	infores:pathwaymech
gomodel:RXN3O-9808	L-aminoadipate-semialdehyde dehydrogenase [NAD(P)+] activity	biolink:BiochemicalReaction	infores:pathwaymech
gomodel:RXN3O-127	saccharopine dehydrogenase (NADP+, L-glutamate-forming) activity	biolink:BiochemicalReaction	infores:pathwaymech
gomodel:1.5.1.7-RXN	saccharopine dehydrogenase (NAD+, L-lysine-forming) activity	biolink:BiochemicalReaction	infores:pathwaymech
gomodel:RXN-7970	homoisocitrate dehydrogenase activity	biolink:BiochemicalReaction	infores:pathwaymech
MetaCyc:HOMOSER-METSYN-PWY	L-methionine biosynthesis I	biolink:Pathway	infores:pathwaymech
EC:2.3.1.46	homoserine O-succinyltransferase	biolink:MolecularActivity	infores:pathwaymech
EC:2.5.1.48	cystathionine gamma-synthase	biolink:MolecularActivity	infores:pathwaymech
UniProtKB:P06721	cystathionine beta-lyase MetC	biolink:GeneOrGeneProduct	infores:pathwaymech
EC:2.1.1.13	methionine synthase	biolink:MolecularActivity	infores:pathwaymech
EC:2.1.1.14	5-methyltetrahydropteroyltriglutamate--homocysteine S-methyltransferase	biolink:MolecularActivity	infores:pathwaymech
CHEBI:57661	O-succinyl-L-homoserine	biolink:SmallMolecule	infores:pathwaymech
CHEBI:18608	(6S)-5-methyl-5,6,7,8-tetrahydrofolate	biolink:SmallMolecule	infores:pathwaymech
CHEBI:58207	5-methyltetrahydropteroyltri-L-glutamate	biolink:SmallMolecule	infores:pathwaymech
CHEBI:58140	tetrahydropteroyltri-L-glutamate	biolink:SmallMolecule	infores:pathwaymech
CHEBI:57844	L-methionine	biolink:SmallMolecule	infores:pathwaymech
RHEA:22009	homoserine O-succinyltransferase reaction	biolink:BiochemicalReaction	infores:pathwaymech
RHEA:20398	cystathionine gamma-synthase reaction	biolink:BiochemicalReaction	infores:pathwaymech
RHEA:13966	cystathionine beta-lyase reaction	biolink:BiochemicalReaction	infores:pathwaymech
RHEA:11173	cobalamin-dependent methionine synthase reaction	biolink:BiochemicalReaction	infores:pathwaymech
RHEA:21197	cobalamin-independent methionine synthase reaction	biolink:BiochemicalReaction	infores:pathwaymech
MetaCyc:GLUTORN-PWY	L-ornithine biosynthesis I	biolink:Pathway	infores:pathwaymech
MetaCyc:PHESYN	L-phenylalanine biosynthesis I	biolink:Pathway	infores:pathwaymech
EC:5.4.99.5	chorismate mutase	biolink:MolecularActivity	infores:pathwaymech
EC:4.2.1.51	prephenate dehydratase	biolink:MolecularActivity	infores:pathwaymech
EC:2.6.1.57	aromatic-amino-acid transaminase	biolink:MolecularActivity	infores:pathwaymech
CHEBI:29934	prephenate	biolink:SmallMolecule	infores:pathwaymech
CHEBI:18005	3-phenylpyruvate	biolink:SmallMolecule	infores:pathwaymech
RHEA:13898	chorismate mutase reaction	biolink:BiochemicalReaction	infores:pathwaymech
RHEA:21649	prephenate dehydratase reaction	biolink:BiochemicalReaction	infores:pathwaymech
RHEA:25154	L-phenylalanine aminotransferase reaction	biolink:BiochemicalReaction	infores:pathwaymech
MetaCyc:PROSYN-PWY	L-proline biosynthesis I (from L-glutamate)	biolink:Pathway	infores:pathwaymech
EC:2.7.2.11	glutamate 5-kinase	biolink:MolecularActivity	infores:pathwaymech
EC:1.2.1.41	glutamate-5-semialdehyde dehydrogenase	biolink:MolecularActivity	infores:pathwaymech
EC:1.5.1.2	pyrroline-5-carboxylate reductase	biolink:MolecularActivity	infores:pathwaymech
CHEBI:58274	L-glutamyl 5-phosphate	biolink:SmallMolecule	infores:pathwaymech
CHEBI:58066	L-glutamate 5-semialdehyde	biolink:SmallMolecule	infores:pathwaymech
CHEBI:17388	(S)-1-pyrroline-5-carboxylate	biolink:SmallMolecule	infores:pathwaymech
CHEBI:60039	L-proline	biolink:SmallMolecule	infores:pathwaymech
RHEA:14878	glutamate 5-kinase reaction	biolink:BiochemicalReaction	infores:pathwaymech
RHEA:19543	glutamate-5-semialdehyde dehydrogenase reaction	biolink:BiochemicalReaction	infores:pathwaymech
RHEA:28235	L-glutamate 5-semialdehyde cyclization	biolink:BiochemicalReaction	infores:pathwaymech
RHEA:14111	NADPH-dependent pyrroline-5-carboxylate reductase reaction	biolink:BiochemicalReaction	infores:pathwaymech
gomodel:YeastPathways_PROUT-PWY	L-proline degradation	biolink:Pathway	infores:pathwaymech
SGD:S000004132	PUT1 Scer	biolink:GeneOrGeneProduct	infores:pathwaymech
CHEBI:36141	quinone	biolink:SmallMolecule	infores:pathwaymech
CHEBI:17594	hydroquinone	biolink:SmallMolecule	infores:pathwaymech
SGD:S000001079	PUT2 Scer	biolink:GeneOrGeneProduct	infores:pathwaymech
gomodel:RXN-14903	proline dehydrogenase activity	biolink:BiochemicalReaction	infores:pathwaymech
gomodel:SPONTPRO-RXN	(S)-1-pyrroline-5-carboxylate + H+ + H2O <-> L-glutamate-5-semialdehyde	biolink:BiochemicalReaction	infores:pathwaymech
gomodel:RXN-14116	L-glutamate gamma-semialdehyde dehydrogenase (NAD+) activity	biolink:BiochemicalReaction	infores:pathwaymech
MetaCyc:RHAMCAT-PWY	L-rhamnose degradation I	biolink:Pathway	infores:pathwaymech
EC:5.1.3.32	L-rhamnose mutarotase	biolink:MolecularActivity	infores:pathwaymech
EC:5.3.1.14	L-rhamnose isomerase	biolink:MolecularActivity	infores:pathwaymech
EC:2.7.1.5	rhamnulokinase	biolink:MolecularActivity	infores:pathwaymech
EC:4.1.2.19	rhamnulose-1-phosphate aldolase	biolink:MolecularActivity	infores:pathwaymech
CHEBI:27907	alpha-L-rhamnose	biolink:SmallMolecule	infores:pathwaymech
CHEBI:27586	beta-L-rhamnose	biolink:SmallMolecule	infores:pathwaymech
CHEBI:62346	L-rhamnopyranose	biolink:SmallMolecule	infores:pathwaymech
CHEBI:17897	L-rhamnulose	biolink:SmallMolecule	infores:pathwaymech
MetaCyc:CPD-16567	L-rhamnulofuranose	biolink:BiochemicalReaction	infores:pathwaymech
CHEBI:58313	L-rhamnulose 1-phosphate	biolink:SmallMolecule	infores:pathwaymech
RHEA:25587	L-rhamnose mutarotase reaction	biolink:BiochemicalReaction	infores:pathwaymech
RHEA:23163	L-rhamnose isomerase reaction	biolink:BiochemicalReaction	infores:pathwaymech
MetaCyc:RXN-15356	keto-L-rhamnulose cyclization reaction	biolink:BiochemicalReaction	infores:pathwaymech
RHEA:20118	rhamnulokinase reaction	biolink:BiochemicalReaction	infores:pathwaymech
RHEA:19692	rhamnulose-1-phosphate aldolase reaction	biolink:BiochemicalReaction	infores:pathwaymech
MetaCyc:SERSYN-PWY	L-serine biosynthesis I	biolink:Pathway	infores:pathwaymech
EC:1.1.1.95	phosphoglycerate dehydrogenase	biolink:MolecularActivity	infores:pathwaymech
EC:2.6.1.52	phosphoserine transaminase	biolink:MolecularActivity	infores:pathwaymech
EC:3.1.3.3	phosphoserine phosphatase	biolink:MolecularActivity	infores:pathwaymech
CHEBI:18110	3-phosphooxypyruvate	biolink:SmallMolecule	infores:pathwaymech
CHEBI:57524	O-phospho-L-serine	biolink:SmallMolecule	infores:pathwaymech
RHEA:12642	biosynthetic phosphoglycerate dehydrogenase reaction	biolink:BiochemicalReaction	infores:pathwaymech
RHEA:14331	biosynthetic phosphoserine transaminase reaction	biolink:BiochemicalReaction	infores:pathwaymech
RHEA:21209	L-phosphoserine phosphatase reaction	biolink:BiochemicalReaction	infores:pathwaymech
MetaCyc:HOMOSER-THRESYN-PWY	L-threonine biosynthesis	biolink:Pathway	infores:pathwaymech
EC:2.7.1.39	homoserine kinase	biolink:MolecularActivity	infores:pathwaymech
EC:4.2.3.1	threonine synthase	biolink:MolecularActivity	infores:pathwaymech
CHEBI:57590	O-phospho-L-homoserine	biolink:SmallMolecule	infores:pathwaymech
RHEA:13986	homoserine kinase reaction	biolink:BiochemicalReaction	infores:pathwaymech
RHEA:10841	L-threonine synthase reaction	biolink:BiochemicalReaction	infores:pathwaymech
MetaCyc:TRPSYN-PWY	L-tryptophan biosynthesis	biolink:Pathway	infores:pathwaymech
EC:4.1.3.27	anthranilate synthase	biolink:MolecularActivity	infores:pathwaymech
EC:2.4.2.18	anthranilate phosphoribosyltransferase	biolink:MolecularActivity	infores:pathwaymech
EC:5.3.1.24	phosphoribosylanthranilate isomerase	biolink:MolecularActivity	infores:pathwaymech
EC:4.1.1.48	indole-3-glycerol-phosphate synthase	biolink:MolecularActivity	infores:pathwaymech
EC:4.2.1.20	tryptophan synthase	biolink:MolecularActivity	infores:pathwaymech
CHEBI:16567	anthranilate	biolink:SmallMolecule	infores:pathwaymech
CHEBI:18277	N-(5-phospho-beta-D-ribosyl)anthranilate	biolink:SmallMolecule	infores:pathwaymech
CHEBI:58613	1-(2-carboxyphenylamino)-1-deoxy-D-ribulose 5-phosphate	biolink:SmallMolecule	infores:pathwaymech
CHEBI:58866	(1S,2R)-1-C-(indol-3-yl)glycerol 3-phosphate	biolink:SmallMolecule	infores:pathwaymech
CHEBI:57912	L-tryptophan	biolink:SmallMolecule	infores:pathwaymech
RHEA:21733	anthranilate synthase reaction	biolink:BiochemicalReaction	infores:pathwaymech
RHEA:11770	anthranilate phosphoribosyltransferase reaction	biolink:BiochemicalReaction	infores:pathwaymech
RHEA:21541	phosphoribosylanthranilate isomerase reaction	biolink:BiochemicalReaction	infores:pathwaymech
RHEA:23477	indole-3-glycerol-phosphate synthase reaction	biolink:BiochemicalReaction	infores:pathwaymech
RHEA:10533	tryptophan synthase reaction	biolink:BiochemicalReaction	infores:pathwaymech
gomodel:YeastPathways_PWY-5651	L-tryptophan degradation to 2-amino-3-carboxymuconate semialdehyde	biolink:Pathway	infores:pathwaymech
SGD:S000003839	BNA2 Scer	biolink:GeneOrGeneProduct	infores:pathwaymech
CHEBI:58629	N-formyl-L-kynurenine zwitterion	biolink:SmallMolecule	infores:pathwaymech
SGD:S000003596	BNA3 Scer	biolink:GeneOrGeneProduct	infores:pathwaymech
CHEBI:57959	L-kynurenine zwitterion	biolink:SmallMolecule	infores:pathwaymech
SGD:S000002836	BNA7 Scer	biolink:GeneOrGeneProduct	infores:pathwaymech
SGD:S000000194	BNA4 Scer	biolink:GeneOrGeneProduct	infores:pathwaymech
CHEBI:58125	3-hydroxy-L-kynurenine zwitterion	biolink:SmallMolecule	infores:pathwaymech
SGD:S000004221	BNA5 Scer	biolink:GeneOrGeneProduct	infores:pathwaymech
CHEBI:36559	3-hydroxyanthranilate	biolink:SmallMolecule	infores:pathwaymech
CHEBI:57972	L-alanine zwitterion	biolink:SmallMolecule	infores:pathwaymech
SGD:S000003786	BNA1 Scer	biolink:GeneOrGeneProduct	infores:pathwaymech
CHEBI:994	cis,cis-2-amino-3-(3-oxoprop-1-enyl)but-2-enedioate	biolink:SmallMolecule	infores:pathwaymech
gomodel:RXN-8665	indoleamine 2,3-dioxygenase activity	biolink:BiochemicalReaction	infores:pathwaymech
gomodel:ARYLFORMAMIDASE-RXN	arylformamidase activity	biolink:BiochemicalReaction	infores:pathwaymech
gomodel:YeastPathways_PWY-5651/6a4c244800001147	arylformamidase activity (BNA7)	biolink:BiochemicalReaction	infores:pathwaymech
gomodel:KYNURENINE-3-MONOOXYGENASE-RXN	kynurenine 3-monooxygenase activity	biolink:BiochemicalReaction	infores:pathwaymech
gomodel:3-HYDROXY-KYNURENINASE-RXN	kynureninase activity	biolink:BiochemicalReaction	infores:pathwaymech
gomodel:1.13.11.6-RXN	3-hydroxyanthranilate 3,4-dioxygenase activity	biolink:BiochemicalReaction	infores:pathwaymech
MetaCyc:TYRSYN	L-tyrosine biosynthesis I	biolink:Pathway	infores:pathwaymech
EC:1.3.1.12	prephenate dehydrogenase	biolink:MolecularActivity	infores:pathwaymech
CHEBI:36242	3-(4-hydroxyphenyl)pyruvate	biolink:SmallMolecule	infores:pathwaymech
CHEBI:58315	L-tyrosine	biolink:SmallMolecule	infores:pathwaymech
RHEA:13870	prephenate dehydrogenase reaction	biolink:BiochemicalReaction	infores:pathwaymech
RHEA:15095	L-tyrosine aminotransferase reaction	biolink:BiochemicalReaction	infores:pathwaymech
gomodel:YeastPathways_PWY3O-4108	L-tyrosine degradation III	biolink:Pathway	infores:pathwaymech
CHEBI:1879	2-(4-hydroxyphenyl)ethanol	biolink:SmallMolecule	infores:pathwaymech
SGD:S000001179	ARO9 Scer	biolink:GeneOrGeneProduct	infores:pathwaymech
CHEBI:15621	(4-hydroxyphenyl)acetaldehyde	biolink:SmallMolecule	infores:pathwaymech
SGD:S000004034	PDC1 Scer	biolink:GeneOrGeneProduct	infores:pathwaymech
SGD:S000003319	PDC6 Scer	biolink:GeneOrGeneProduct	infores:pathwaymech
SGD:S000004124	PDC5 Scer	biolink:GeneOrGeneProduct	infores:pathwaymech
gomodel:RXN3O-4157	L-tyrosine + pyruvate <=> 3-(4-hydroxyphenyl)pyruvate + L-alanine	biolink:BiochemicalReaction	infores:pathwaymech
gomodel:4.1.1.80-RXN	3-(4-hydroxyphenyl)pyruvate + H<SUP>+</SUP> -> CO<SUB>2</SUB> + (4-hydroxyphenyl)acetaldehyde	biolink:BiochemicalReaction	infores:pathwaymech
gomodel:TYROSINE-AMINOTRANSFERASE-RXN	L-tyrosine + 2-oxoglutarate <=> 3-(4-hydroxyphenyl)pyruvate + L-glutamate	biolink:BiochemicalReaction	infores:pathwaymech
gomodel:YeastPathways_PWY3O-4108/6a6bcaed00000688	alcohol dehydrogenase (NAD+) activity	biolink:BiochemicalReaction	infores:pathwaymech
gomodel:YeastPathways_PWY3O-4108/6a6bcaed00000677	alcohol dehydrogenase (NAD+) activity	biolink:BiochemicalReaction	infores:pathwaymech
gomodel:YeastPathways_PWY3O-4108/6a6bcaed00000661	4-hydroxyphenylpyruvate decarboxylase activity	biolink:BiochemicalReaction	infores:pathwaymech
gomodel:YeastPathways_PWY3O-4108/6a6bcaed00000644	4-hydroxyphenylpyruvate decarboxylase activity	biolink:BiochemicalReaction	infores:pathwaymech
gomodel:RXN3O-4113	4-tyrosol + NAD<sup>+</sup> <- (4-hydroxyphenyl)acetaldehyde + NADH + H<SUP>+</SUP>	biolink:BiochemicalReaction	infores:pathwaymech
gomodel:YeastPathways_PWY3O-4108/6a6bcaed00000699	alcohol dehydrogenase (NAD+) activity	biolink:BiochemicalReaction	infores:pathwaymech
gomodel:YeastPathways_PWY3O-4108/6a6bcaed00000710	alcohol dehydrogenase (NAD+) activity	biolink:BiochemicalReaction	infores:pathwaymech
MetaCyc:VALSYN-PWY	L-valine biosynthesis	biolink:Pathway	infores:pathwaymech
CHEBI:58476	(2S)-2-acetolactate	biolink:SmallMolecule	infores:pathwaymech
CHEBI:49072	(2R)-2,3-dihydroxy-3-methylbutanoate	biolink:SmallMolecule	infores:pathwaymech
CHEBI:57762	L-valine	biolink:SmallMolecule	infores:pathwaymech
RHEA:25250	acetolactate synthase reaction	biolink:BiochemicalReaction	infores:pathwaymech
RHEA:22070	acetohydroxy acid isomeroreductase reaction	biolink:BiochemicalReaction	infores:pathwaymech
RHEA:24810	dihydroxy-acid dehydratase reaction	biolink:BiochemicalReaction	infores:pathwaymech
RHEA:24815	L-valine aminotransferase reaction	biolink:BiochemicalReaction	infores:pathwaymech
gomodel:YeastPathways_PWY3O-4112	leucine degradation	biolink:Pathway	infores:pathwaymech
CHEBI:16638	3-methylbutanal	biolink:SmallMolecule	infores:pathwaymech
CHEBI:15837	isoamylol	biolink:SmallMolecule	infores:pathwaymech
SGD:S000002788	ARO10 Scer	biolink:GeneOrGeneProduct	infores:pathwaymech
SGD:S000003909	BAT2 Scer	biolink:GeneOrGeneProduct	infores:pathwaymech
SGD:S000001251	BAT1 Scer	biolink:GeneOrGeneProduct	infores:pathwaymech
gomodel:YeastPathways_PWY3O-4112/6a4c244800001224	alcohol dehydrogenase (NAD+) activity	biolink:BiochemicalReaction	infores:pathwaymech
gomodel:RXN3O-4109	3-methylbutanal + NADH -> 3-methylbutanol + NAD<sup>+</sup>	biolink:BiochemicalReaction	infores:pathwaymech
gomodel:YeastPathways_PWY3O-4112/6a4c244800001175	L-isoleucine:2-oxoglutarate transaminase activity	biolink:BiochemicalReaction	infores:pathwaymech
gomodel:BRANCHED-CHAINAMINOTRANSFERLEU-RXN	L-leucine + 2-oxoglutarate <=> L-glutamate + 4-methyl-2-oxopentanoate	biolink:BiochemicalReaction	infores:pathwaymech
gomodel:YeastPathways_PWY3O-4112/6a4c244800001189	alcohol dehydrogenase (NAD+) activity	biolink:BiochemicalReaction	infores:pathwaymech
gomodel:YeastPathways_PWY3O-4112/6a4c244800001240	alcohol dehydrogenase (NAD+) activity	biolink:BiochemicalReaction	infores:pathwaymech
gomodel:RXN3O-4108	4-methyl-2-oxopentanoate -> 3-methylbutanal + CO<SUB>2</SUB>	biolink:BiochemicalReaction	infores:pathwaymech
gomodel:YeastPathways_PWY3O-4112/6a4c244800001255	alcohol dehydrogenase (NAD+) activity	biolink:BiochemicalReaction	infores:pathwaymech
gomodel:YeastPathways_PWY3O-4112/6a4c244800001207	alcohol dehydrogenase (NAD+) activity	biolink:BiochemicalReaction	infores:pathwaymech
MIBiG:BGC0002072	linearmycin A and related metabolites biosynthetic gene cluster	biolink:Pathway	infores:pathwaymech
NCBITaxon:465541	Streptomyces sp. Mg1	biolink:OrganismTaxon	infores:pathwaymech
gomodel:6882d2b800000609	lipid IV(A) biosynthesis pathway	biolink:Pathway	infores:pathwaymech
NCBITaxon:83333	Escherichia coli K-12	biolink:OrganismTaxon	infores:pathwaymech
CHEBI:16264	UDP-N-acetyl-alpha-D-glucosamine	biolink:SmallMolecule	infores:pathwaymech
CHEBI:173225	UDP-3-O-[(3R)-hydroxyacyl]-N-acetyl-alpha-D-glucosamine(2-)	biolink:SmallMolecule	infores:pathwaymech
CHEBI:137740	UDP-3-O-[(3R)-hydroxyacyl]-alpha-D-glucosamine(1-)	biolink:SmallMolecule	infores:pathwaymech
CHEBI:78847	UDP-2,3-bis[(3R)-3-hydroxytetradecanoyl]-alpha-D-glucosamine(2-)	biolink:SmallMolecule	infores:pathwaymech
CHEBI:57957	lipid X(2-)	biolink:SmallMolecule	infores:pathwaymech
CHEBI:176343	2,3,2',3'-tetrakis[(3R)-3-hydroxyacyl]-alpha-D-glucosaminyl-1,6-beta-D-glucosamine 1-phosphate(2-)	biolink:SmallMolecule	infores:pathwaymech
CHEBI:176425	lipid IVA(4-)	biolink:SmallMolecule	infores:pathwaymech
gomodel:6882d2b800000609/6882d2b800000610	acyl-[acyl-carrier-protein]-UDP-N-acetylglucosamine O-acyltransferase activity	biolink:BiochemicalReaction	infores:pathwaymech
gomodel:6882d2b800000609/6882d2b800000627	UDP-3-O-acyl-N-acetylglucosamine deacetylase activity	biolink:BiochemicalReaction	infores:pathwaymech
gomodel:6882d2b800000609/6882d2b800000632	UDP-3-O-[(3R)-3-hydroxyacyl]-glucosamine N-acyltransferase activity	biolink:BiochemicalReaction	infores:pathwaymech
gomodel:6882d2b800000609/6882d2b800000638	UDP-2,3-diacylglucosamine hydrolase activity	biolink:BiochemicalReaction	infores:pathwaymech
gomodel:6882d2b800000609/6882d2b800000645	lipid-A-disaccharide synthase activity	biolink:BiochemicalReaction	infores:pathwaymech
gomodel:6882d2b800000609/6882d2b800000652	lipid-A 4'-kinase activity	biolink:BiochemicalReaction	infores:pathwaymech
gomodel:YeastPathways_PWY3O-1743	mannose degradation	biolink:Pathway	infores:pathwaymech
CHEBI:4208	D-mannopyranose	biolink:SmallMolecule	infores:pathwaymech
SGD:S000000545	GLK1 Scer	biolink:GeneOrGeneProduct	infores:pathwaymech
SGD:S000001949	HXK1 Scer	biolink:GeneOrGeneProduct	infores:pathwaymech
SGD:S000003222	HXK2 Scer	biolink:GeneOrGeneProduct	infores:pathwaymech
gomodel:YeastPathways_PWY3O-1743/6a4c244800000448	hexokinase activity	biolink:BiochemicalReaction	infores:pathwaymech
gomodel:RXN3O-9791	D-mannose + ATP -> D-mannopyranose 6-phosphate + ADP + H<SUP>+</SUP>	biolink:BiochemicalReaction	infores:pathwaymech
gomodel:YeastPathways_PWY3O-1743/6a4c244800000457	hexokinase activity	biolink:BiochemicalReaction	infores:pathwaymech
gomodel:YeastPathways_PWY3O-64	methionine salvage pathway	biolink:Pathway	infores:pathwaymech
CHEBI:16708	adenine	biolink:SmallMolecule	infores:pathwaymech
CHEBI:16723	4-methylthio-2-oxobutanoate	biolink:SmallMolecule	infores:pathwaymech
CHEBI:35910	2-oxo monocarboxylic acid	biolink:SmallMolecule	infores:pathwaymech
CHEBI:17509	5'-S-methyl-5'-thioadenosine	biolink:SmallMolecule	infores:pathwaymech
SGD:S000004007	MEU1 Scer	biolink:GeneOrGeneProduct	infores:pathwaymech
CHEBI:58548	S-methyl-5-thio-D-ribulose 1-phosphate(2-)	biolink:SmallMolecule	infores:pathwaymech
CHEBI:58828	5-(methylsulfanyl)-2,3-dioxopentyl phosphate(2-)	biolink:SmallMolecule	infores:pathwaymech
SGD:S000003785	MDE1 Scer	biolink:GeneOrGeneProduct	infores:pathwaymech
CHEBI:58795	1-hydroxy-5-(methylthio)-3-oxopent-1-en-2-olate	biolink:SmallMolecule	infores:pathwaymech
SGD:S000006322	MRI1 Scer	biolink:GeneOrGeneProduct	infores:pathwaymech
CHEBI:58533	S-methyl-5-thio-alpha-D-ribose 1-phosphate(2-)	biolink:SmallMolecule	infores:pathwaymech
SGD:S000000764	UTR4 Scer	biolink:GeneOrGeneProduct	infores:pathwaymech
SGD:S000004611	ADI1 Scer	biolink:GeneOrGeneProduct	infores:pathwaymech
gomodel:R147-RXN	1,2-dihydroxy-5-(methylsulfanyl)pent-1-en-3-one + oxygen -> 4-(methylsulfanyl)-2-oxobutanoate + formate + H<SUP>+</SUP>	biolink:BiochemicalReaction	infores:pathwaymech
gomodel:5-METHYLTHIOADENOSINE-PHOSPHORYLASE-RXN	<i>S</i>-methyl-5'-thioadenosine + phosphate -> adenine + <i>S</i>-methyl-5-thio-α-D-ribose 1-phosphate	biolink:BiochemicalReaction	infores:pathwaymech
gomodel:R15-RXN	L-methionine + a 2-oxo carboxylate <- 4-(methylsulfanyl)-2-oxobutanoate + a proteinogenic amino acid	biolink:BiochemicalReaction	infores:pathwaymech
gomodel:3.1.3.77-RXN	5-(methylsulfanyl)-2,3-dioxopentyl 1-phosphate + H<sub>2</sub>O -> 1,2-dihydroxy-5-(methylsulfanyl)pent-1-en-3-one + phosphate + H<SUP>+</SUP>	biolink:BiochemicalReaction	infores:pathwaymech
gomodel:YeastPathways_PWY3O-64/6a4c244800001410	L-isoleucine:2-oxoglutarate transaminase activity	biolink:BiochemicalReaction	infores:pathwaymech
gomodel:YeastPathways_PWY3O-64/6a4c244800001394	L-isoleucine:2-oxoglutarate transaminase activity	biolink:BiochemicalReaction	infores:pathwaymech
gomodel:YeastPathways_PWY3O-64/6a4c244800001425	L-isoleucine:2-oxoglutarate transaminase activity	biolink:BiochemicalReaction	infores:pathwaymech
gomodel:R145-RXN	5-(methylsulfanyl)-ribulose 1-phosphate -> 5-(methylsulfanyl)-2,3-dioxopentyl 1-phosphate + H<sub>2</sub>O	biolink:BiochemicalReaction	infores:pathwaymech
gomodel:5.3.1.23-RXN	<i>S</i>-methyl-5-thio-α-D-ribose 1-phosphate -> 5-(methylsulfanyl)-ribulose 1-phosphate	biolink:BiochemicalReaction	infores:pathwaymech
gomodel:YeastPathways_PWY-901	methylglyoxal catabolism	biolink:Pathway	infores:pathwaymech
CHEBI:16004	(R)-lactate	biolink:SmallMolecule	infores:pathwaymech
CHEBI:17158	methylglyoxal	biolink:SmallMolecule	infores:pathwaymech
CHEBI:57474	(R)-S-lactoylglutathionate(1-)	biolink:SmallMolecule	infores:pathwaymech
SGD:S000002680	GLO2 Scer	biolink:GeneOrGeneProduct	infores:pathwaymech
SGD:S000004463	GLO1 Scer	biolink:GeneOrGeneProduct	infores:pathwaymech
SGD:S000005566	GLO4 Scer	biolink:GeneOrGeneProduct	infores:pathwaymech
gomodel:GLYOXII-RXN	hydroxyacylglutathione hydrolase activity	biolink:BiochemicalReaction	infores:pathwaymech
gomodel:GLYOXI-RXN	lactoylglutathione lyase activity	biolink:BiochemicalReaction	infores:pathwaymech
gomodel:YeastPathways_PWY-901/6a46ef0600000777	hydroxyacylglutathione hydrolase activity	biolink:BiochemicalReaction	infores:pathwaymech
gomodel:YeastPathways_IPPSYN-PWY	mevalonate pathway	biolink:Pathway	infores:pathwaymech
CHEBI:36464	(R)-mevalonate	biolink:SmallMolecule	infores:pathwaymech
SGD:S000005949	ERG10 Scer	biolink:GeneOrGeneProduct	infores:pathwaymech
CHEBI:43074	(3S)-3-hydroxy-3-methylglutaryl-CoA(5-)	biolink:SmallMolecule	infores:pathwaymech
SGD:S000004821	ERG12 Scer	biolink:GeneOrGeneProduct	infores:pathwaymech
CHEBI:57557	(R)-5-diphosphonatomevalonate(4-)	biolink:SmallMolecule	infores:pathwaymech
SGD:S000005326	MVD1 Scer	biolink:GeneOrGeneProduct	infores:pathwaymech
SGD:S000006038	IDI1 Scer	biolink:GeneOrGeneProduct	infores:pathwaymech
CHEBI:58146	(R)-5-phosphonatomevalonate(3-)	biolink:SmallMolecule	infores:pathwaymech
SGD:S000004442	HMG2 Scer	biolink:GeneOrGeneProduct	infores:pathwaymech
CHEBI:57286	acetoacetyl-CoA(4-)	biolink:SmallMolecule	infores:pathwaymech
SGD:S000004833	ERG8 Scer	biolink:GeneOrGeneProduct	infores:pathwaymech
SGD:S000004540	HMG1 Scer	biolink:GeneOrGeneProduct	infores:pathwaymech
SGD:S000004595	ERG13 Scer	biolink:GeneOrGeneProduct	infores:pathwaymech
gomodel:HYDROXYMETHYLGLUTARYL-COA-SYNTHASE-RXN	hydroxymethylglutaryl-CoA synthase activity	biolink:BiochemicalReaction	infores:pathwaymech
gomodel:MEVALONATE-KINASE-RXN	mevalonate kinase activity	biolink:BiochemicalReaction	infores:pathwaymech
gomodel:ACETYL-COA-ACETYLTRANSFER-RXN	acetyl-CoA C-acetyltransferase activity	biolink:BiochemicalReaction	infores:pathwaymech
gomodel:1.1.1.34-RXN	hydroxymethylglutaryl-CoA reductase (NADPH) activity	biolink:BiochemicalReaction	infores:pathwaymech
gomodel:DIPHOSPHOMEVALONTE-DECARBOXYLASE-RXN	diphosphomevalonate decarboxylase activity	biolink:BiochemicalReaction	infores:pathwaymech
gomodel:PHOSPHOMEVALONATE-KINASE-RXN	phosphomevalonate kinase activity	biolink:BiochemicalReaction	infores:pathwaymech
gomodel:IPPISOM-RXN	isopentenyl-diphosphate delta-isomerase activity	biolink:BiochemicalReaction	infores:pathwaymech
Reactome:R-MTU-868688	Mycobacterium tuberculosis trehalose biosynthesis	biolink:Pathway	infores:pathwaymech
UniProtKB:P9WN11	alpha,alpha-trehalose-phosphate synthase OtsA	biolink:GeneOrGeneProduct	infores:pathwaymech
UniProtKB:P9WFZ5	trehalose-phosphatase OtsB2	biolink:GeneOrGeneProduct	infores:pathwaymech
UniProtKB:P9WQ19	trehalose synthase TreS	biolink:GeneOrGeneProduct	infores:pathwaymech
UniProtKB:P9WQ21	maltooligosyl trehalose synthase TreY	biolink:GeneOrGeneProduct	infores:pathwaymech
UniProtKB:P9WQ23	maltooligosyl trehalose trehalohydrolase TreZ	biolink:GeneOrGeneProduct	infores:pathwaymech
CHEBI:58225	alpha-D-glucose 6-phosphate	biolink:SmallMolecule	infores:pathwaymech
CHEBI:18283	alpha,alpha-trehalose 6-phosphate	biolink:SmallMolecule	infores:pathwaymech
CHEBI:16551	alpha,alpha-trehalose	biolink:SmallMolecule	infores:pathwaymech
CHEBI:17306	maltose	biolink:SmallMolecule	infores:pathwaymech
CHEBI:15444	1,4-alpha-glucan	biolink:SmallMolecule	infores:pathwaymech
CHEBI:134401	glucanotrehalose	biolink:SmallMolecule	infores:pathwaymech
Reactome:R-MTU-868622	OtsA transfer of glucose from UDP-glucose to glucose-6-phosphate	biolink:BiochemicalReaction	infores:pathwaymech
Reactome:R-MTU-868608	OtsB2 hydrolysis of trehalose-6-phosphate	biolink:BiochemicalReaction	infores:pathwaymech
Reactome:R-MTU-868709	TreS conversion of maltose to trehalose	biolink:BiochemicalReaction	infores:pathwaymech
Reactome:R-MTU-868658	TreY conversion of 1,4-alpha-glucan to glucanotrehalose	biolink:BiochemicalReaction	infores:pathwaymech
Reactome:R-MTU-868657	TreZ hydrolysis of glucanotrehalose to trehalose	biolink:BiochemicalReaction	infores:pathwaymech
Reactome:R-MTU-879299	Mycothiol biosynthesis	biolink:Pathway	infores:pathwaymech
UniProtKB:P9WKI1	inositol-3-phosphate synthase Ino1	biolink:GeneOrGeneProduct	infores:pathwaymech
UniProtKB:P9WMY7	mycothiol biosynthesis glycosyltransferase MshA	biolink:GeneOrGeneProduct	infores:pathwaymech
UniProtKB:P95189	inositol monophosphatase ImpC	biolink:GeneOrGeneProduct	infores:pathwaymech
UniProtKB:P9WJN1	mycothiol S-conjugate amidase Mca	biolink:GeneOrGeneProduct	infores:pathwaymech
UniProtKB:P9WJM9	mycothiol biosynthesis ligase MshC	biolink:GeneOrGeneProduct	infores:pathwaymech
UniProtKB:P9WJM7	mycothiol synthase MshD	biolink:GeneOrGeneProduct	infores:pathwaymech
CHEBI:58433	1D-myo-inositol 1-phosphate(2-)	biolink:SmallMolecule	infores:pathwaymech
CHEBI:52443	1D-myo-inositol 2-acetamido-2-deoxy-alpha-D-glucopyranoside 3-phosphate	biolink:SmallMolecule	infores:pathwaymech
CHEBI:52442	1D-myo-inositol 2-acetamido-2-deoxy-alpha-D-glucopyranoside	biolink:SmallMolecule	infores:pathwaymech
CHEBI:52283	1D-myo-inositol 2-amino-2-deoxy-alpha-D-glucopyranoside	biolink:SmallMolecule	infores:pathwaymech
CHEBI:15366	acetate	biolink:SmallMolecule	infores:pathwaymech
CHEBI:52285	1D-myo-inositol 2-(L-cysteinylamino)-2-deoxy-alpha-D-glucopyranoside	biolink:SmallMolecule	infores:pathwaymech
CHEBI:16768	mycothiol	biolink:SmallMolecule	infores:pathwaymech
Reactome:R-MTU-879331	glucose-6-phosphate conversion to inositol-1-phosphate	biolink:BiochemicalReaction	infores:pathwaymech
Reactome:R-MTU-879298	transfer of acetylglucosamine from UDP-GlcNAc to inositol-1-phosphate	biolink:BiochemicalReaction	infores:pathwaymech
Reactome:R-MTU-879274	acetylglucosamine-inositol-phosphate dephosphorylation	biolink:BiochemicalReaction	infores:pathwaymech
Reactome:R-MTU-879327	Mca deacetylation of acetylglucosamine-inositol	biolink:BiochemicalReaction	infores:pathwaymech
Reactome:R-MTU-879319	ligation of glucosaminylinositol with L-cysteine	biolink:BiochemicalReaction	infores:pathwaymech
Reactome:R-MTU-879248	MshD acetylation of desacetylmycothiol	biolink:BiochemicalReaction	infores:pathwaymech
Reactome:R-MTU-879325	Mycothiol catabolism	biolink:Pathway	infores:pathwaymech
CHEBI:45563	S-acetyl-L-cysteine	biolink:SmallMolecule	infores:pathwaymech
Reactome:R-MTU-879281	mycothiol cleavage to acetylcysteine and glucosaminylinositol	biolink:BiochemicalReaction	infores:pathwaymech
gomodel:YeastPathways_PWY-2301	myo-inositol biosynthesis	biolink:Pathway	infores:pathwaymech
SGD:S000003689	INO1 Scer	biolink:GeneOrGeneProduct	infores:pathwaymech
CHEBI:58401	1D-myo-inositol 3-phosphate(2-)	biolink:SmallMolecule	infores:pathwaymech
SGD:S000002695	INM2 Scer	biolink:GeneOrGeneProduct	infores:pathwaymech
CHEBI:17268	myo-inositol	biolink:SmallMolecule	infores:pathwaymech
SGD:S000001088	INM1 Scer	biolink:GeneOrGeneProduct	infores:pathwaymech
gomodel:MYO-INOSITOL-1-PHOSPHATE-SYNTHASE-RXN	inositol-3-phosphate synthase activity	biolink:BiochemicalReaction	infores:pathwaymech
gomodel:YeastPathways_PWY-2301/6a2b236300005397	inositol monophosphate 1-phosphatase activity (INM2)	biolink:BiochemicalReaction	infores:pathwaymech
gomodel:MYO-INOSITOL-1OR-4-MONOPHOSPHATASE-RXN	inositol monophosphate 1-phosphatase activity (INM1)	biolink:BiochemicalReaction	infores:pathwaymech
MetaCyc:GLUAMCAT-PWY	N-acetylglucosamine degradation I	biolink:Pathway	infores:pathwaymech
EC:3.5.1.25	N-acetylglucosamine-6-phosphate deacetylase	biolink:MolecularActivity	infores:pathwaymech
EC:3.5.99.6	glucosamine-6-phosphate deaminase	biolink:MolecularActivity	infores:pathwaymech
CHEBI:57513	N-acetyl-D-glucosamine 6-phosphate	biolink:SmallMolecule	infores:pathwaymech
CHEBI:58725	D-glucosamine 6-phosphate	biolink:SmallMolecule	infores:pathwaymech
CHEBI:75989	alpha-D-glucosamine 6-phosphate	biolink:SmallMolecule	infores:pathwaymech
RHEA:22937	N-acetylglucosamine-6-phosphate deacetylase reaction	biolink:BiochemicalReaction	infores:pathwaymech
RHEA:12175	glucosamine-6-phosphate deaminase reaction	biolink:BiochemicalReaction	infores:pathwaymech
gomodel:YeastPathways_PWY-5653	NAD biosynthesis from 2-amino-3-carboxymuconate semialdehyde	biolink:Pathway	infores:pathwaymech
CHEBI:16675	quinolinic acid	biolink:SmallMolecule	infores:pathwaymech
SGD:S000001943	BNA6 Scer	biolink:GeneOrGeneProduct	infores:pathwaymech
CHEBI:57502	nicotinate D-ribonucleotide(2-)	biolink:SmallMolecule	infores:pathwaymech
SGD:S000003242	NMA2 Scer	biolink:GeneOrGeneProduct	infores:pathwaymech
CHEBI:58437	deamido-NAD(2-)	biolink:SmallMolecule	infores:pathwaymech
SGD:S000004320	NMA1 Scer	biolink:GeneOrGeneProduct	infores:pathwaymech
SGD:S000001116	QNS1 Scer	biolink:GeneOrGeneProduct	infores:pathwaymech
gomodel:RXN-5721	2-amino-3-carboxymuconate-6-semialdehyde cyclization	biolink:BiochemicalReaction	infores:pathwaymech
gomodel:QUINOPRIBOTRANS-RXN	nicotinate-nucleotide diphosphorylase (carboxylating) activity	biolink:BiochemicalReaction	infores:pathwaymech
gomodel:YeastPathways_PWY-5653/6a4c244800000432	nicotinate-nucleotide adenylyltransferase activity (NMA2)	biolink:BiochemicalReaction	infores:pathwaymech
gomodel:NICONUCADENYLYLTRAN-RXN	nicotinate-nucleotide adenylyltransferase activity	biolink:BiochemicalReaction	infores:pathwaymech
gomodel:NAD-SYNTH-GLN-RXN	NAD+ synthase (glutamine-hydrolyzing) activity	biolink:BiochemicalReaction	infores:pathwaymech
MetaCyc:PYRIDNUCSYN-PWY	NAD de novo biosynthesis I (from aspartate)	biolink:Pathway	infores:pathwaymech
EC:1.4.3.16	L-aspartate oxidase	biolink:MolecularActivity	infores:pathwaymech
EC:2.5.1.72	quinolinate synthase	biolink:MolecularActivity	infores:pathwaymech
EC:2.4.2.19	quinolinate phosphoribosyltransferase	biolink:MolecularActivity	infores:pathwaymech
EC:2.7.7.18	nicotinate-nucleotide adenylyltransferase	biolink:MolecularActivity	infores:pathwaymech
EC:6.3.1.5	NAD(+) synthase	biolink:MolecularActivity	infores:pathwaymech
EC:6.3.5.1	NAD(+) synthase (glutamine-hydrolyzing)	biolink:MolecularActivity	infores:pathwaymech
CHEBI:77875	iminosuccinate	biolink:SmallMolecule	infores:pathwaymech
CHEBI:29959	quinolinate	biolink:SmallMolecule	infores:pathwaymech
RHEA:25877	L-aspartate oxidase reaction	biolink:BiochemicalReaction	infores:pathwaymech
RHEA:25889	quinolinate synthase reaction	biolink:BiochemicalReaction	infores:pathwaymech
RHEA:12735	quinolinate phosphoribosyltransferase reaction	biolink:BiochemicalReaction	infores:pathwaymech
RHEA:22861	nicotinate-nucleotide adenylyltransferase reaction	biolink:BiochemicalReaction	infores:pathwaymech
RHEA:21189	ammonia-dependent NAD(+) synthase reaction	biolink:BiochemicalReaction	infores:pathwaymech
RHEA:24385	glutamine-dependent NAD(+) synthase reaction	biolink:BiochemicalReaction	infores:pathwaymech
MetaCyc:PYRIDNUCSAL-PWY	NAD salvage pathway I (PNC VI cycle)	biolink:Pathway	infores:pathwaymech
EC:3.6.1.22	NAD(+) diphosphatase	biolink:MolecularActivity	infores:pathwaymech
EC:3.2.2.14	NMN nucleosidase	biolink:MolecularActivity	infores:pathwaymech
EC:3.5.1.19	nicotinamidase	biolink:MolecularActivity	infores:pathwaymech
EC:6.3.4.21	nicotinate phosphoribosyltransferase	biolink:MolecularActivity	infores:pathwaymech
CHEBI:14649	beta-nicotinamide D-ribonucleotide	biolink:SmallMolecule	infores:pathwaymech
CHEBI:78346	D-ribose 5-phosphate	biolink:SmallMolecule	infores:pathwaymech
CHEBI:17154	nicotinamide	biolink:SmallMolecule	infores:pathwaymech
CHEBI:32544	nicotinate	biolink:SmallMolecule	infores:pathwaymech
RHEA:11801	NAD(+) diphosphatase reaction	biolink:BiochemicalReaction	infores:pathwaymech
RHEA:23141	NMN nucleosidase reaction	biolink:BiochemicalReaction	infores:pathwaymech
RHEA:14546	nicotinamidase reaction	biolink:BiochemicalReaction	infores:pathwaymech
RHEA:36164	nicotinate phosphoribosyltransferase reaction	biolink:BiochemicalReaction	infores:pathwaymech
gomodel:YeastPathways_PWY3O-4106	NAD salvage pathway IV (from nicotinamide riboside)	biolink:Pathway	infores:pathwaymech
SGD:S000005073	NRK1 Scer	biolink:GeneOrGeneProduct	infores:pathwaymech
CHEBI:15927	N-ribosylnicotinamide	biolink:SmallMolecule	infores:pathwaymech
gomodel:RIBOSYLNICOTINAMIDE-KINASE-RXN	1-(β-D ribofuranosyl)nicotinamide + ATP -> β-nicotinamide D-ribonucleotide + ADP + H<SUP>+</SUP>	biolink:BiochemicalReaction	infores:pathwaymech
gomodel:2.7.7.1-RXN	β-nicotinamide D-ribonucleotide + ATP + H<SUP>+</SUP> -> NAD<sup>+</sup> + diphosphate	biolink:BiochemicalReaction	infores:pathwaymech
gomodel:YeastPathways_PWY3O-4106/6a46ef0600000917	nicotinamide-nucleotide adenylyltransferase activity	biolink:BiochemicalReaction	infores:pathwaymech
WikiPathways:WP171	NAD salvage pathway V	biolink:Pathway	infores:pathwaymech
CHEBI:15846	NAD	biolink:SmallMolecule	infores:pathwaymech
SGD:S000002200	SIR2	biolink:GeneOrGeneProduct	infores:pathwaymech
SGD:S000003005	PNC1	biolink:GeneOrGeneProduct	infores:pathwaymech
CHEBI:83767	2''-O-acetyl-ADP-ribose	biolink:SmallMolecule	infores:pathwaymech
SGD:S000005735	NPT1	biolink:GeneOrGeneProduct	infores:pathwaymech
WikiPathways:WP171/id4b00dac6	nicotinamide to nicotinate GPML interaction	biolink:BiochemicalReaction	infores:pathwaymech
WikiPathways:WP171/id58e1978f	nicotinate adenine dinucleotide to NAD GPML interaction	biolink:BiochemicalReaction	infores:pathwaymech
WikiPathways:WP171/id5b2236e7	beta-nicotinate D-ribonucleotide to nicotinate adenine dinucleotide GPML interaction	biolink:BiochemicalReaction	infores:pathwaymech
WikiPathways:WP171/ide26ea2c3	nicotinate to beta-nicotinate D-ribonucleotide GPML interaction	biolink:BiochemicalReaction	infores:pathwaymech
WikiPathways:WP171/idfac03b17	NAD to nicotinamide GPML interaction	biolink:BiochemicalReaction	infores:pathwaymech
gomodel:YeastPathways_PWY3O-5268	oleate biosynthesis	biolink:Pathway	infores:pathwaymech
SGD:S000003023	OLE1 Scer	biolink:GeneOrGeneProduct	infores:pathwaymech
CHEBI:57394	stearoyl-CoA(4-)	biolink:SmallMolecule	infores:pathwaymech
CHEBI:57387	oleoyl-CoA(4-)	biolink:SmallMolecule	infores:pathwaymech
CHEBI:30823	oleate	biolink:SmallMolecule	infores:pathwaymech
gomodel:1.14.19.1-RXN	stearoyl-CoA 9-desaturase activity	biolink:BiochemicalReaction	infores:pathwaymech
gomodel:RXN-9666	long-chain fatty acyl-CoA hydrolase activity	biolink:BiochemicalReaction	infores:pathwaymech
gomodel:YeastPathways_PWY3O-1801	palmitoleate biosynthesis	biolink:Pathway	infores:pathwaymech
CHEBI:61540	palmitoleoyl-CoA(4-)	biolink:SmallMolecule	infores:pathwaymech
CHEBI:32372	palmitoleate	biolink:SmallMolecule	infores:pathwaymech
gomodel:RXN-10664	stearoyl-CoA 9-desaturase activity	biolink:BiochemicalReaction	infores:pathwaymech
gomodel:RXN-10662	fatty acyl-CoA hydrolase activity	biolink:BiochemicalReaction	infores:pathwaymech
MetaCyc:NONOXIPENT-PWY	pentose phosphate pathway (non-oxidative branch) I	biolink:Pathway	infores:pathwaymech
EC:5.3.1.6	ribose-5-phosphate isomerase	biolink:MolecularActivity	infores:pathwaymech
EC:5.1.3.1	ribulose-phosphate 3-epimerase	biolink:MolecularActivity	infores:pathwaymech
EC:2.2.1.1	transketolase	biolink:MolecularActivity	infores:pathwaymech
EC:2.2.1.2	transaldolase	biolink:MolecularActivity	infores:pathwaymech
CHEBI:58273	aldehydo-D-ribose 5-phosphate	biolink:SmallMolecule	infores:pathwaymech
CHEBI:57483	D-sedoheptulose 7-phosphate	biolink:SmallMolecule	infores:pathwaymech
RHEA:14660	ribose-5-phosphate isomerase reaction	biolink:BiochemicalReaction	infores:pathwaymech
RHEA:13680	ribulose-phosphate 3-epimerase reaction	biolink:BiochemicalReaction	infores:pathwaymech
RHEA:10511	transketolase sedoheptulose-7-phosphate reaction	biolink:BiochemicalReaction	infores:pathwaymech
RHEA:17056	transaldolase reaction	biolink:BiochemicalReaction	infores:pathwaymech
RHEA:27629	transketolase fructose-6-phosphate reaction	biolink:BiochemicalReaction	infores:pathwaymech
MetaCyc:OXIDATIVEPENT-PWY	pentose phosphate pathway (oxidative branch) I	biolink:Pathway	infores:pathwaymech
EC:1.1.1.49	glucose-6-phosphate dehydrogenase	biolink:MolecularActivity	infores:pathwaymech
EC:3.1.1.31	6-phosphogluconolactonase	biolink:MolecularActivity	infores:pathwaymech
EC:1.1.1.44	6-phosphogluconate dehydrogenase	biolink:MolecularActivity	infores:pathwaymech
CHEBI:61548	D-glucose 6-phosphate	biolink:SmallMolecule	infores:pathwaymech
CHEBI:57955	6-phospho-D-glucono-1,5-lactone	biolink:SmallMolecule	infores:pathwaymech
CHEBI:58759	6-phospho-D-gluconate	biolink:SmallMolecule	infores:pathwaymech
RHEA:15842	glucose-6-phosphate dehydrogenase reaction	biolink:BiochemicalReaction	infores:pathwaymech
RHEA:12557	6-phosphogluconolactonase reaction	biolink:BiochemicalReaction	infores:pathwaymech
RHEA:10117	6-phosphogluconate dehydrogenase reaction	biolink:BiochemicalReaction	infores:pathwaymech
WikiPathways:WP5060	Peptidoglycan cytoplasmic synthesis and recycling pathways	biolink:Pathway	infores:pathwaymech
CHEBI:16977	L-alanine	biolink:SmallMolecule	infores:pathwaymech
CHEBI:15570	D-alanine	biolink:SmallMolecule	infores:pathwaymech
CHEBI:40666	1,6-anhMurNAc	biolink:SmallMolecule	infores:pathwaymech
CHEBI:47968	MurNAc 6-phosphate	biolink:SmallMolecule	infores:pathwaymech
CHEBI:16970	UDP-MurNAc-L-Ala-D-Glu	biolink:SmallMolecule	infores:pathwaymech
CHEBI:28639	UDP-MurNAc-L-Ala-gamma-D-Glu-meso-DAP	biolink:SmallMolecule	infores:pathwaymech
CHEBI:29986	D-glutamate	biolink:SmallMolecule	infores:pathwaymech
CHEBI:16446	N-acetylglucosamine-1-phosphate	biolink:SmallMolecule	infores:pathwaymech
CHEBI:68483	UDP-GlcNAc-enolpyruvate	biolink:SmallMolecule	infores:pathwaymech
CHEBI:18199	UDP-MurNAc-L-Ala-gamma-D-Glu-meso-DAP-D-Ala-D-Ala	biolink:SmallMolecule	infores:pathwaymech
CHEBI:70765	UDP-MurNAc	biolink:SmallMolecule	infores:pathwaymech
CHEBI:8005	Peptidoglycan Layer	biolink:SmallMolecule	infores:pathwaymech
CHEBI:20995	D-glucosamine-6-phosphate	biolink:SmallMolecule	infores:pathwaymech
CHEBI:28138	Undecaprenyl-diphospho-N-acetylmuramoyl-(N-acetylglucosamine)-L-alanyl-D-glutamyl-meso-2,6-diaminopimeloyl-D-alanyl-D-alanine	biolink:SmallMolecule	infores:pathwaymech
CHEBI:15946	Fructose-6-phosphate	biolink:SmallMolecule	infores:pathwaymech
CHEBI:16576	D-Ala-D-Ala	biolink:SmallMolecule	infores:pathwaymech
CHEBI:17047	Undecaprenyl pyrophosphate	biolink:SmallMolecule	infores:pathwaymech
CHEBI:16141	Undecaprenyl phosphate	biolink:SmallMolecule	infores:pathwaymech
CHEBI:506227	GlcNAc	biolink:SmallMolecule	infores:pathwaymech
UniProtKB:P76008	Murein tetrapeptide carboxypeptidase (LdcA)	biolink:GeneOrGeneProduct	infores:pathwaymech
UniProtKB:P0A6B4	alr	biolink:GeneOrGeneProduct	infores:pathwaymech
UniProtKB:P75949	nagZ	biolink:GeneOrGeneProduct	infores:pathwaymech
UniProtKB:P13016	1,6-anhydro-N-acetylmuramyl-L-alanine amidase (AmpD)	biolink:GeneOrGeneProduct	infores:pathwaymech
UniProtKB:Q2TL65	Penicillin-binding protein 2 (Peptidoglycan D,D-transpeptidase MrdA)	biolink:GeneOrGeneProduct	infores:pathwaymech
CHEBI:28300	glutamine	biolink:SmallMolecule	infores:pathwaymech
UniProtKB:P0AD68	Penicillin-binding protein 3 (Peptidoglycan D,D-transpeptidase FtsI)	biolink:GeneOrGeneProduct	infores:pathwaymech
UniProtKB:P17169	glmS	biolink:GeneOrGeneProduct	infores:pathwaymech
UniProtKB:P0A6W3	mraY	biolink:GeneOrGeneProduct	infores:pathwaymech
UniProtKB:P07862	ddlB	biolink:GeneOrGeneProduct	infores:pathwaymech
UniProtKB:P0AF16	murJ	biolink:GeneOrGeneProduct	infores:pathwaymech
UniProtKB:P02918	Penicillin-binding protein 1A	biolink:GeneOrGeneProduct	infores:pathwaymech
UniProtKB:P14900	murD	biolink:GeneOrGeneProduct	infores:pathwaymech
UniProtKB:P17952	murC	biolink:GeneOrGeneProduct	infores:pathwaymech
UniProtKB:P0A749	murA	biolink:GeneOrGeneProduct	infores:pathwaymech
UniProtKB:P08373	murB	biolink:GeneOrGeneProduct	infores:pathwaymech
UniProtKB:P22634	murI	biolink:GeneOrGeneProduct	infores:pathwaymech
UniProtKB:P22188	murE	biolink:GeneOrGeneProduct	infores:pathwaymech
UniProtKB:P60932	Undecaprenyl-diphosphatase	biolink:GeneOrGeneProduct	infores:pathwaymech
UniProtKB:P17443	murG	biolink:GeneOrGeneProduct	infores:pathwaymech
UniProtKB:P76577	Penicillin-binding protein 1C	biolink:GeneOrGeneProduct	infores:pathwaymech
UniProtKB:P0ACC7	glmU	biolink:GeneOrGeneProduct	infores:pathwaymech
UniProtKB:P46022	mtgA	biolink:GeneOrGeneProduct	infores:pathwaymech
UniProtKB:P11880	murF	biolink:GeneOrGeneProduct	infores:pathwaymech
UniProtKB:P0ABG4	ftsW	biolink:GeneOrGeneProduct	infores:pathwaymech
UniProtKB:P02919	Penicillin-binding protein 1B	biolink:GeneOrGeneProduct	infores:pathwaymech
UniProtKB:P31120	glmM	biolink:GeneOrGeneProduct	infores:pathwaymech
UniProtKB:P0AE16	ampG	biolink:GeneOrGeneProduct	infores:pathwaymech
UniProtKB:P0AF18	nagA	biolink:GeneOrGeneProduct	infores:pathwaymech
UniProtKB:P76535	murQ	biolink:GeneOrGeneProduct	infores:pathwaymech
UniProtKB:P77570	anmK	biolink:GeneOrGeneProduct	infores:pathwaymech
UniProtKB:P77272	murP	biolink:GeneOrGeneProduct	infores:pathwaymech
UniProtKB:P75959	nagK	biolink:GeneOrGeneProduct	infores:pathwaymech
UniProtKB:P0A759	nagB	biolink:GeneOrGeneProduct	infores:pathwaymech
UniProtKB:P37773	mpl	biolink:GeneOrGeneProduct	infores:pathwaymech
UniProtKB:P29012	dadX	biolink:GeneOrGeneProduct	infores:pathwaymech
WikiPathways:WP5060/id535c37a4	L-alanine to D-alanine GPML interaction	biolink:BiochemicalReaction	infores:pathwaymech
WikiPathways:WP5060/id92720196	anhMurNAc-L-Ala-gamma-D-Glu-meso-DAP-D-Ala to 1,6-anhMurNAc GPML interaction	biolink:BiochemicalReaction	infores:pathwaymech
WikiPathways:WP5060/idb435b98e	MurNAc 6-phosphate to GlcNAc-6-P GPML interaction	biolink:BiochemicalReaction	infores:pathwaymech
WikiPathways:WP5060/eff80	UDP-MurNAc-L-Ala-D-Glu to UDP-MurNAc-L-Ala-gamma-D-Glu-meso-DAP GPML interaction	biolink:BiochemicalReaction	infores:pathwaymech
WikiPathways:WP5060/d5182	L-glutamate to D-glutamate GPML interaction	biolink:BiochemicalReaction	infores:pathwaymech
WikiPathways:WP5060/f628a	N-acetylglucosamine-1-phosphate to UDP-GlcNAc GPML interaction	biolink:BiochemicalReaction	infores:pathwaymech
WikiPathways:WP5060/e2f23	UDP-GlcNAc to UDP-GlcNAc-enolpyruvate GPML interaction	biolink:BiochemicalReaction	infores:pathwaymech
WikiPathways:WP5060/adda4	UDP-MurNAc-L-Ala-gamma-D-Glu-meso-DAP-D-Ala-D-Ala to UND-PP-MurNAc-L-Ala-D-Glu-meso-DAP-D-Ala-D-Ala GPML interaction	biolink:BiochemicalReaction	infores:pathwaymech
WikiPathways:WP5060/eb85c	UDP-MurNAc-L-Ala to UDP-MurNAc-L-Ala-D-Glu GPML interaction	biolink:BiochemicalReaction	infores:pathwaymech
WikiPathways:WP5060/b8d40	UDP-GlcNAc-enolpyruvate to UDP-MurNAc GPML interaction	biolink:BiochemicalReaction	infores:pathwaymech
WikiPathways:WP5060/f4fde	Peptidoglycan Layer to GlcNAc-1,6-anhMurNAc-L-Ala-gamma-D-Glu-meso-DAP-D-Ala GPML interaction	biolink:BiochemicalReaction	infores:pathwaymech
WikiPathways:WP5060/ebc50	D-glucosamine-6-phosphate to Glucosamine-1P GPML interaction	biolink:BiochemicalReaction	infores:pathwaymech
WikiPathways:WP5060/d013c	UDP-MurNAc to UDP-MurNAc-L-Ala GPML interaction	biolink:BiochemicalReaction	infores:pathwaymech
WikiPathways:WP5060/b8180	UDP-MurNAc-L-Ala-gamma-D-Glu-meso-DAP to UDP-MurNAc-L-Ala-gamma-D-Glu-meso-DAP-D-Ala-D-Ala GPML interaction	biolink:BiochemicalReaction	infores:pathwaymech
WikiPathways:WP5060/f53c7	UND-PP-MurNAc-L-Ala-D-Glu-meso-DAP-D-Ala-D-Ala to Undecaprenyl-diphospho-N-acetylmuramoyl-(N-acetylglucosamine)-L-alanyl-D-glutamyl-meso-2,6-diaminopimeloyl-D-alanyl-D-alanine GPML interaction	biolink:BiochemicalReaction	infores:pathwaymech
WikiPathways:WP5060/af0e7	Fructose-6-phosphate to D-glucosamine-6-phosphate GPML interaction	biolink:BiochemicalReaction	infores:pathwaymech
WikiPathways:WP5060/cdc0a	D-alanine to D-Ala-D-Ala GPML interaction	biolink:BiochemicalReaction	infores:pathwaymech
WikiPathways:WP5060/bcf55	Glucosamine-1P to N-acetylglucosamine-1-phosphate GPML interaction	biolink:BiochemicalReaction	infores:pathwaymech
WikiPathways:WP5060/fb09e	Undecaprenyl pyrophosphate to Undecaprenyl phosphate GPML interaction	biolink:BiochemicalReaction	infores:pathwaymech
WikiPathways:WP5060/d89b1	Undecaprenyl-diphospho-N-acetylmuramoyl-(N-acetylglucosamine)-L-alanyl-D-glutamyl-meso-2,6-diaminopimeloyl-D-alanyl-D-alanine to Peptidoglycan Layer GPML interaction	biolink:BiochemicalReaction	infores:pathwaymech
WikiPathways:WP5060/b5af5	WP5060 b5af5 GPML interaction	biolink:BiochemicalReaction	infores:pathwaymech
WikiPathways:WP5060/c131c	GlcNAc-6-P to D-glucosamine-6-phosphate GPML interaction	biolink:BiochemicalReaction	infores:pathwaymech
WikiPathways:WP5060/af315	1,6-anhMurNAc to MurNAc 6-phosphate GPML interaction	biolink:BiochemicalReaction	infores:pathwaymech
WikiPathways:WP5060/c0f79	GlcNAc to GlcNAc-6-P GPML interaction	biolink:BiochemicalReaction	infores:pathwaymech
WikiPathways:WP5060/ac9d2	D-glucosamine-6-phosphate to Fructose-6-phosphate GPML interaction	biolink:BiochemicalReaction	infores:pathwaymech
WikiPathways:WP5060/eab24	MurNAc to MurNAc 6-phosphate GPML interaction	biolink:BiochemicalReaction	infores:pathwaymech
WikiPathways:WP5060/e8b23	L-Ala-gamma-D-Glu-meso-DAP to UDP-MurNAc-L-Ala-gamma-D-Glu-meso-DAP GPML interaction	biolink:BiochemicalReaction	infores:pathwaymech
WikiPathways:WP5060/ffa50	WP5060 ffa50 GPML interaction	biolink:BiochemicalReaction	infores:pathwaymech
WikiPathways:WP5060/b423c	WP5060 b423c GPML interaction	biolink:BiochemicalReaction	infores:pathwaymech
gomodel:YeastPathways_PERIPLASMA-NAD-DEGRADATION	periplasmic NAD degradation	biolink:Pathway	infores:pathwaymech
SGD:S000003035	NPY1 Scer	biolink:GeneOrGeneProduct	infores:pathwaymech
SGD:S000001245	SMN1 Scer	biolink:GeneOrGeneProduct	infores:pathwaymech
CHEBI:16335	adenosine	biolink:SmallMolecule	infores:pathwaymech
gomodel:NADPYROPHOSPHAT-RXN	NADH pyrophosphatase activity	biolink:BiochemicalReaction	infores:pathwaymech
gomodel:AMP-DEPHOSPHORYLATION-RXN	AMP + H2O -> adenosine + phosphate	biolink:BiochemicalReaction	infores:pathwaymech
gomodel:YeastPathways_PWY3O-4153	phenylalanine biosynthesis	biolink:Pathway	infores:pathwaymech
SGD:S000005260	PHA2 Scer	biolink:GeneOrGeneProduct	infores:pathwaymech
SGD:S000006264	ARO7 Scer	biolink:GeneOrGeneProduct	infores:pathwaymech
gomodel:2.6.1.58-RXN	L-phenylalanine + pyruvate <=> 3-phenyl-2-oxopropanoate + L-alanine	biolink:BiochemicalReaction	infores:pathwaymech
gomodel:CHORISMATEMUT-RXN	chorismate <=> prephenate	biolink:BiochemicalReaction	infores:pathwaymech
gomodel:RXN-10814	L-phenylalanine + 2-oxoglutarate <=> 3-phenyl-2-oxopropanoate + L-glutamate	biolink:BiochemicalReaction	infores:pathwaymech
gomodel:PREPHENATEDEHYDRAT-RXN	prephenate + H<SUP>+</SUP> <=> 3-phenyl-2-oxopropanoate + CO<SUB>2</SUB> + H<sub>2</sub>O	biolink:BiochemicalReaction	infores:pathwaymech
gomodel:YeastPathways_PWY3O-6407	phosphatidate biosynthesis I (the dihydroxyacetone pathway)	biolink:Pathway	infores:pathwaymech
SGD:S000000107	SCT1 Scer	biolink:GeneOrGeneProduct	infores:pathwaymech
SGD:S000002210	SLC1 Scer	biolink:GeneOrGeneProduct	infores:pathwaymech
CHEBI:33184	long-chain fatty acyl-CoA	biolink:SmallMolecule	infores:pathwaymech
CHEBI:15835	1-acylglycerone 3-phosphate	biolink:SmallMolecule	infores:pathwaymech
CHEBI:17984	acyl-CoA	biolink:SmallMolecule	infores:pathwaymech
SGD:S000001775	GPT2 Scer	biolink:GeneOrGeneProduct	infores:pathwaymech
CHEBI:16975	1-acyl-sn-glycerol 3-phosphate	biolink:SmallMolecule	infores:pathwaymech
SGD:S000001386	AYR1 Scer	biolink:GeneOrGeneProduct	infores:pathwaymech
CHEBI:29089	1,2-diacyl-sn-glycerol 3-phosphate	biolink:SmallMolecule	infores:pathwaymech
gomodel:YeastPathways_PWY3O-6407/6a4c244800000335	glycerone-phosphate O-acyltransferase activity	biolink:BiochemicalReaction	infores:pathwaymech
gomodel:RXN-1623	an acyl-CoA + a 1-acyl-<i>sn</i>-glycerol 3-phosphate -> a 1,2-diacyl-<i>sn</i>-glycerol 3-phosphate + coenzyme A	biolink:BiochemicalReaction	infores:pathwaymech
gomodel:RXN3O-5279	glycerone phosphate + a long-chain acyl-CoA -> 1-acyl-dihydroxyacetone-phosphate + coenzyme A	biolink:BiochemicalReaction	infores:pathwaymech
gomodel:RXN3O-9800	1-acyl-dihydroxyacetone-phosphate + NADPH -> a 1-acyl-<i>sn</i>-glycerol 3-phosphate + NADP<sup>+</sup> + H<SUP>+</SUP>	biolink:BiochemicalReaction	infores:pathwaymech
gomodel:YeastPathways_PWY3O-6499	phosphatidate biosynthesis II (the glycerol-3-phosphate pathway)	biolink:Pathway	infores:pathwaymech
gomodel:YeastPathways_PWY3O-6499/6a4c244800001536	glycerol-3-phosphate O-acyltransferase activity	biolink:BiochemicalReaction	infores:pathwaymech
gomodel:YeastPathways_PWY3O-6499/6a4c244800001520	glycerol-3-phosphate dehydrogenase [NAD(P)+] activity	biolink:BiochemicalReaction	infores:pathwaymech
gomodel:GLYCEROL-3-P-ACYLTRANSFER-RXN	<i>sn</i>-glycerol 3-phosphate + a long-chain acyl-CoA -> a 1-acyl-<i>sn</i>-glycerol 3-phosphate + coenzyme A	biolink:BiochemicalReaction	infores:pathwaymech
gomodel:YeastPathways_PWY3O-450	phosphatidylcholine biosynthesis I	biolink:Pathway	infores:pathwaymech
SGD:S000005074	CPT1 Scer	biolink:GeneOrGeneProduct	infores:pathwaymech
CHEBI:58779	CDP-choline(1-)	biolink:SmallMolecule	infores:pathwaymech
CHEBI:16110	1,2-diacyl-sn-glycero-3-phosphocholine(1+)	biolink:SmallMolecule	infores:pathwaymech
SGD:S000003434	PCT1 Scer	biolink:GeneOrGeneProduct	infores:pathwaymech
CHEBI:295975	choline phosphate(1-)	biolink:SmallMolecule	infores:pathwaymech
SGD:S000004123	CKI1 Scer	biolink:GeneOrGeneProduct	infores:pathwaymech
CHEBI:15354	choline	biolink:SmallMolecule	infores:pathwaymech
gomodel:CHOLINE-KINASE-RXN	choline + ATP -> phosphocholine + ADP + H<SUP>+</SUP>	biolink:BiochemicalReaction	infores:pathwaymech
gomodel:RXN-5781	a 1,2-diacyl-<i>sn</i>-glycerol + CDP-choline <=> a phosphatidylcholine + CMP + H<SUP>+</SUP>	biolink:BiochemicalReaction	infores:pathwaymech
gomodel:2.7.7.15-RXN	CTP + phosphocholine + H<SUP>+</SUP> -> CDP-choline + diphosphate	biolink:BiochemicalReaction	infores:pathwaymech
gomodel:YeastPathways_PWY-5669	phosphatidylethanolamine biosynthesis I	biolink:Pathway	infores:pathwaymech
SGD:S000000828	CHO1 Scer	biolink:GeneOrGeneProduct	infores:pathwaymech
CHEBI:17962	CDP-diacylglycerol	biolink:SmallMolecule	infores:pathwaymech
CHEBI:11750	3-sn-phosphatidyl-L-serine	biolink:SmallMolecule	infores:pathwaymech
SGD:S000003402	PSD2 Scer	biolink:GeneOrGeneProduct	infores:pathwaymech
CHEBI:16038	phosphatidylethanolamine	biolink:SmallMolecule	infores:pathwaymech
SGD:S000005113	PSD1 Scer	biolink:GeneOrGeneProduct	infores:pathwaymech
gomodel:PHOSPHASERSYN-RXN	CDP-diacylglycerol-serine O-phosphatidyltransferase activity	biolink:BiochemicalReaction	infores:pathwaymech
gomodel:YeastPathways_PWY-5669/6a46ef0600000808	phosphatidylserine decarboxylase activity (PSD2)	biolink:BiochemicalReaction	infores:pathwaymech
gomodel:PHOSPHASERDECARB-RXN	phosphatidylserine decarboxylase activity	biolink:BiochemicalReaction	infores:pathwaymech
gomodel:YeastPathways_PWY3O-242	phosphatidylinositol phosphate biosynthesis	biolink:Pathway	infores:pathwaymech
SGD:S000001915	FAB1 Scer	biolink:GeneOrGeneProduct	infores:pathwaymech
SGD:S000002616	MSS4 Scer	biolink:GeneOrGeneProduct	infores:pathwaymech
SGD:S000001695	SAC1 Scer	biolink:GeneOrGeneProduct	infores:pathwaymech
CHEBI:17283	1-phosphatidyl-1D-myo-inositol 3-phosphate	biolink:SmallMolecule	infores:pathwaymech
SGD:S000005269	FIG4 Scer	biolink:GeneOrGeneProduct	infores:pathwaymech
CHEBI:57880	1-phosphatidyl-1D-myo-inositol(1-)	biolink:SmallMolecule	infores:pathwaymech
CHEBI:17526	1-phosphatidyl-1D-myo-inositol 4-phosphate	biolink:SmallMolecule	infores:pathwaymech
CHEBI:16851	1-phosphatidyl-1D-myo-inositol 3,5-bisphosphate	biolink:SmallMolecule	infores:pathwaymech
SGD:S000003871	YMR1 Scer	biolink:GeneOrGeneProduct	infores:pathwaymech
SGD:S000005050	INP52 Scer	biolink:GeneOrGeneProduct	infores:pathwaymech
SGD:S000003636	LSB6 Scer	biolink:GeneOrGeneProduct	infores:pathwaymech
SGD:S000004230	VPS34 Scer	biolink:GeneOrGeneProduct	infores:pathwaymech
SGD:S000001264	INP51 Scer	biolink:GeneOrGeneProduct	infores:pathwaymech
SGD:S000004296	STT4 Scer	biolink:GeneOrGeneProduct	infores:pathwaymech
SGD:S000005635	INP53 Scer	biolink:GeneOrGeneProduct	infores:pathwaymech
SGD:S000005426	INP54 Scer	biolink:GeneOrGeneProduct	infores:pathwaymech
SGD:S000005211	PIK1 Scer	biolink:GeneOrGeneProduct	infores:pathwaymech
gomodel:2.7.1.150-RXN	a 1-phosphatidyl-1D-myo-inositol 3-phosphate + ATP -> 1-phosphatidyl-1D-myo-inositol 3,5-bisphosphate + ADP + H<SUP>+</SUP>	biolink:BiochemicalReaction	infores:pathwaymech
gomodel:YeastPathways_PWY3O-242/6a4c244800005962	1-phosphatidylinositol 4-kinase activity	biolink:BiochemicalReaction	infores:pathwaymech
gomodel:YeastPathways_PWY3O-242/6a4c244800006112	phosphatidylinositol-3,5-bisphosphate 5-phosphatase activity	biolink:BiochemicalReaction	infores:pathwaymech
gomodel:YeastPathways_PWY3O-242/6a4c244800006061	phosphatidylinositol-3-phosphate phosphatase activity	biolink:BiochemicalReaction	infores:pathwaymech
gomodel:1-PHOSPHATIDYLINOSITOL-3-KINASE-RXN	a 1-phosphatidyl-1D-<i>myo</i>-inositol + ATP -> a 1-phosphatidyl-1D-myo-inositol 3-phosphate + ADP + H<SUP>+</SUP>	biolink:BiochemicalReaction	infores:pathwaymech
gomodel:YeastPathways_PWY3O-242/6a4c244800006079	phosphatidylinositol-3-phosphate phosphatase activity	biolink:BiochemicalReaction	infores:pathwaymech
gomodel:2.7.1.68-RXN	a 1-phosphatidyl-1D-<i>myo</i>-inositol 4-phosphate + ATP -> a 1-phosphatidyl-1D-<i>myo</i>-inositol 4,5-bisphosphate + ADP + H<SUP>+</SUP>	biolink:BiochemicalReaction	infores:pathwaymech
gomodel:YeastPathways_PWY3O-242/6a4c244800006024	phosphatidylinositol-4,5-bisphosphate 5-phosphatase activity	biolink:BiochemicalReaction	infores:pathwaymech
gomodel:RXN-10961	a 1-phosphatidyl-1D-<i>myo</i>-inositol 4-phosphate + H<sub>2</sub>O -> a 1-phosphatidyl-1D-<i>myo</i>-inositol + phosphate	biolink:BiochemicalReaction	infores:pathwaymech
gomodel:YeastPathways_PWY3O-242/6a4c244800005984	1-phosphatidylinositol 4-kinase activity	biolink:BiochemicalReaction	infores:pathwaymech
gomodel:YeastPathways_PWY3O-242/6a4c244800005945	molecular_function	biolink:BiochemicalReaction	infores:pathwaymech
gomodel:YeastPathways_PWY3O-242/6a4c244800006043	phosphatidylinositol-4,5-bisphosphate 5-phosphatase activity	biolink:BiochemicalReaction	infores:pathwaymech
gomodel:YeastPathways_PWY3O-242/6a4c244800006151	phosphatidylinositol-3,5-bisphosphate 5-phosphatase activity	biolink:BiochemicalReaction	infores:pathwaymech
gomodel:1-PHOSPHATIDYLINOSITOL-KINASE-RXN	a 1-phosphatidyl-1D-<i>myo</i>-inositol + ATP -> a 1-phosphatidyl-1D-<i>myo</i>-inositol 4-phosphate + ADP + H<SUP>+</SUP>	biolink:BiochemicalReaction	infores:pathwaymech
gomodel:YeastPathways_PWY3O-242/6a4c244800006005	phosphatidylinositol-4,5-bisphosphate 5-phosphatase activity	biolink:BiochemicalReaction	infores:pathwaymech
gomodel:RXN-10938	1-phosphatidyl-1D-myo-inositol 3,5-bisphosphate + H<sub>2</sub>O -> a 1-phosphatidyl-1D-myo-inositol 3-phosphate + phosphate	biolink:BiochemicalReaction	infores:pathwaymech
gomodel:YeastPathways_PWY3O-242/6a4c244800006096	phosphatidylinositol-3-phosphate phosphatase activity	biolink:BiochemicalReaction	infores:pathwaymech
gomodel:RXN3O-364	a 1-phosphatidyl-1D-myo-inositol 3-phosphate + H<sub>2</sub>O -> a 1-phosphatidyl-1D-<i>myo</i>-inositol + phosphate	biolink:BiochemicalReaction	infores:pathwaymech
gomodel:YeastPathways_PWY3O-242/6a4c244800005927	molecular_function	biolink:BiochemicalReaction	infores:pathwaymech
gomodel:YeastPathways_PWY3O-242/6a4c244800006132	phosphatidylinositol-3,5-bisphosphate 5-phosphatase activity	biolink:BiochemicalReaction	infores:pathwaymech
gomodel:PHOSPHATIDYLINOSITOL-BISPHOSPHATASE-RXN	a 1-phosphatidyl-1D-<i>myo</i>-inositol 4,5-bisphosphate + H<sub>2</sub>O -> a 1-phosphatidyl-1D-<i>myo</i>-inositol 4-phosphate + phosphate	biolink:BiochemicalReaction	infores:pathwaymech
gomodel:YeastPathways_PWY3O-259	phospholipid biosynthesis II (Kennedy pathway)	biolink:Pathway	infores:pathwaymech
SGD:S000002554	EKI1 Scer	biolink:GeneOrGeneProduct	infores:pathwaymech
CHEBI:58190	O-phosphonatoethanaminium(1-)	biolink:SmallMolecule	infores:pathwaymech
SGD:S000001165	EPT1 Scer	biolink:GeneOrGeneProduct	infores:pathwaymech
SGD:S000003239	ECT1 Scer	biolink:GeneOrGeneProduct	infores:pathwaymech
CHEBI:57603	ethanolaminium(1+)	biolink:SmallMolecule	infores:pathwaymech
CHEBI:57876	CDP-ethanolamine(1-)	biolink:SmallMolecule	infores:pathwaymech
gomodel:ETHANOLAMINE-KINASE-RXN	ethanolamine kinase activity	biolink:BiochemicalReaction	infores:pathwaymech
gomodel:2.7.7.14-RXN	ethanolamine-phosphate cytidylyltransferase activity	biolink:BiochemicalReaction	infores:pathwaymech
gomodel:ETHANOLAMINEPHOSPHOTRANSFERASE-RXN	ethanolaminephosphotransferase activity	biolink:BiochemicalReaction	infores:pathwaymech
gomodel:YeastPathways_PHOSLIPSYN2-PWY-1	phospholipid biosynthesis	biolink:Pathway	infores:pathwaymech
CHEBI:64716	1,2-diacyl-sn-glycero-3-phospho-(1'-sn-glycerol)(1-)	biolink:SmallMolecule	infores:pathwaymech
CHEBI:62237	cardiolipin(2-)	biolink:SmallMolecule	infores:pathwaymech
CHEBI:17152	phosphatidyl-N,N-dimethylethanolamine	biolink:SmallMolecule	infores:pathwaymech
SGD:S000003834	OPI3 Scer	biolink:GeneOrGeneProduct	infores:pathwaymech
CHEBI:15958	phosphatidyl-N-methylethanolamine	biolink:SmallMolecule	infores:pathwaymech
CHEBI:37393	1-(3-sn-phosphatidyl)-sn-glycerol 3-phosphate	biolink:SmallMolecule	infores:pathwaymech
SGD:S000000510	PGS1 Scer	biolink:GeneOrGeneProduct	infores:pathwaymech
SGD:S000001142	GEP4 Scer	biolink:GeneOrGeneProduct	infores:pathwaymech
SGD:S000002301	CRD1 Scer	biolink:GeneOrGeneProduct	infores:pathwaymech
SGD:S000003389	CHO2 Scer	biolink:GeneOrGeneProduct	infores:pathwaymech
gomodel:2.1.1.71-RXN	phosphatidyl-N-methylethanolamine N-methyltransferase activity	biolink:BiochemicalReaction	infores:pathwaymech
gomodel:2.1.1.17-RXN	phosphatidylethanolamine N-methyltransferase activity	biolink:BiochemicalReaction	infores:pathwaymech
gomodel:YeastPathways_PHOSLIPSYN2-PWY-1/6a4c244800007485	phosphatidylserine decarboxylase activity	biolink:BiochemicalReaction	infores:pathwaymech
gomodel:PGPPHOSPHA-RXN	phosphatidylglycerophosphatase activity	biolink:BiochemicalReaction	infores:pathwaymech
gomodel:CARDIOLIPSYN-RXN	cardiolipin synthase (CMP-forming) activity	biolink:BiochemicalReaction	infores:pathwaymech
gomodel:RXN3O-349	phosphatidyl-N-methylethanolamine N-methyltransferase activity	biolink:BiochemicalReaction	infores:pathwaymech
gomodel:PHOSPHAGLYPSYN-RXN	CDP-diacylglycerol-glycerol-3-phosphate 3-phosphatidyltransferase activity	biolink:BiochemicalReaction	infores:pathwaymech
WikiPathways:WP71	Phospholipids degradation	biolink:Pathway	infores:pathwaymech
SGD:S000001739	SPO14	biolink:GeneOrGeneProduct	infores:pathwaymech
WikiPathways:WP71/id3a707ae4	phosphatidylcholine to phosphatidate and choline	biolink:BiochemicalReaction	infores:pathwaymech
MetaCyc:PANTO-PWY	phosphopantothenate biosynthesis I	biolink:Pathway	infores:pathwaymech
EC:2.1.2.11	3-methyl-2-oxobutanoate hydroxymethyltransferase	biolink:MolecularActivity	infores:pathwaymech
EC:1.1.1.169	2-dehydropantoate reductase	biolink:MolecularActivity	infores:pathwaymech
EC:6.3.2.1	pantoate--beta-alanine ligase	biolink:MolecularActivity	infores:pathwaymech
EC:2.7.1.33	pantothenate kinase	biolink:MolecularActivity	infores:pathwaymech
CHEBI:15636	(6R)-5,10-methylene-5,6,7,8-tetrahydrofolate	biolink:SmallMolecule	infores:pathwaymech
CHEBI:11561	2-dehydropantoate	biolink:SmallMolecule	infores:pathwaymech
CHEBI:15980	(R)-pantoate	biolink:SmallMolecule	infores:pathwaymech
CHEBI:29032	(R)-pantothenate	biolink:SmallMolecule	infores:pathwaymech
RHEA:11825	3-methyl-2-oxobutanoate hydroxymethyltransferase reaction	biolink:BiochemicalReaction	infores:pathwaymech
RHEA:16235	2-dehydropantoate reductase reaction	biolink:BiochemicalReaction	infores:pathwaymech
RHEA:10913	pantothenate synthetase reaction	biolink:BiochemicalReaction	infores:pathwaymech
RHEA:16374	pantothenate kinase reaction	biolink:BiochemicalReaction	infores:pathwaymech
MetaCyc:PPGPPMET-PWY	ppGpp metabolism	biolink:Pathway	infores:pathwaymech
EC:2.7.4.6	nucleoside-diphosphate kinase	biolink:MolecularActivity	infores:pathwaymech
EC:2.7.6.5	GTP diphosphokinase	biolink:MolecularActivity	infores:pathwaymech
EC:3.1.7.2	guanosine-3',5'-bis(diphosphate) 3'-diphosphatase	biolink:MolecularActivity	infores:pathwaymech
EC:3.6.1.40	guanosine-5'-triphosphate,3'-diphosphate diphosphatase	biolink:MolecularActivity	infores:pathwaymech
CHEBI:142410	guanosine 3'-diphosphate 5'-triphosphate	biolink:SmallMolecule	infores:pathwaymech
CHEBI:77828	guanosine 3',5'-bis(diphosphate)	biolink:SmallMolecule	infores:pathwaymech
RHEA:27687	GDP kinase reaction	biolink:BiochemicalReaction	infores:pathwaymech
RHEA:33056	guanosine 3'-diphosphate 5'-triphosphate hydrolase reaction	biolink:BiochemicalReaction	infores:pathwaymech
RHEA:28099	GDP pyrophosphokinase reaction	biolink:BiochemicalReaction	infores:pathwaymech
RHEA:22089	GTP pyrophosphokinase reaction	biolink:BiochemicalReaction	infores:pathwaymech
RHEA:14254	ppGpp 3'-diphosphatase reaction	biolink:BiochemicalReaction	infores:pathwaymech
RHEA:13074	pppGpp 5'-phosphohydrolase reaction	biolink:BiochemicalReaction	infores:pathwaymech
MetaCyc:PYRIDOXSYN-PWY	pyridoxal 5'-phosphate biosynthesis I	biolink:Pathway	infores:pathwaymech
EC:1.2.1.72	erythrose-4-phosphate dehydrogenase	biolink:MolecularActivity	infores:pathwaymech
EC:1.1.1.290	4-phosphoerythronate dehydrogenase	biolink:MolecularActivity	infores:pathwaymech
EC:1.1.1.262	4-hydroxythreonine-4-phosphate dehydrogenase	biolink:MolecularActivity	infores:pathwaymech
EC:2.2.1.7	1-deoxy-D-xylulose-5-phosphate synthase	biolink:MolecularActivity	infores:pathwaymech
EC:2.6.99.2	pyridoxine 5'-phosphate synthase	biolink:MolecularActivity	infores:pathwaymech
EC:1.4.3.5	pyridoxine 5'-phosphate oxidase	biolink:MolecularActivity	infores:pathwaymech
CHEBI:58766	4-phospho-D-erythronate	biolink:SmallMolecule	infores:pathwaymech
CHEBI:58538	(R)-3-hydroxy-2-oxo-4-phosphooxybutanoate	biolink:SmallMolecule	infores:pathwaymech
CHEBI:58452	4-(phosphooxy)-L-threonine	biolink:SmallMolecule	infores:pathwaymech
CHEBI:57279	3-amino-2-oxopropyl phosphate	biolink:SmallMolecule	infores:pathwaymech
CHEBI:57792	1-deoxy-D-xylulose 5-phosphate	biolink:SmallMolecule	infores:pathwaymech
CHEBI:58589	pyridoxine 5'-phosphate	biolink:SmallMolecule	infores:pathwaymech
CHEBI:597326	pyridoxal 5'-phosphate	biolink:SmallMolecule	infores:pathwaymech
RHEA:12057	erythrose-4-phosphate dehydrogenase reaction	biolink:BiochemicalReaction	infores:pathwaymech
RHEA:18830	4-phospho-D-erythronate dehydrogenase reaction	biolink:BiochemicalReaction	infores:pathwaymech
RHEA:16575	phosphoserine transaminase reaction	biolink:BiochemicalReaction	infores:pathwaymech
RHEA:32276	4-hydroxythreonine-4-phosphate dehydrogenase reaction	biolink:BiochemicalReaction	infores:pathwaymech
RHEA:12606	1-deoxy-D-xylulose-5-phosphate synthase reaction	biolink:BiochemicalReaction	infores:pathwaymech
RHEA:15266	pyridoxine 5'-phosphate synthase reaction	biolink:BiochemicalReaction	infores:pathwaymech
RHEA:15150	pyridoxine 5'-phosphate oxidase reaction	biolink:BiochemicalReaction	infores:pathwaymech
MetaCyc:PLPSAL-PWY	pyridoxal 5'-phosphate salvage I	biolink:Pathway	infores:pathwaymech
EC:2.7.1.35	pyridoxal kinase	biolink:MolecularActivity	infores:pathwaymech
CHEBI:17310	pyridoxal	biolink:SmallMolecule	infores:pathwaymech
CHEBI:57761	pyridoxamine	biolink:SmallMolecule	infores:pathwaymech
CHEBI:58451	pyridoxamine 5'-phosphate	biolink:SmallMolecule	infores:pathwaymech
CHEBI:16709	pyridoxine	biolink:SmallMolecule	infores:pathwaymech
RHEA:10225	pyridoxal kinase reaction	biolink:BiochemicalReaction	infores:pathwaymech
RHEA:25105	pyridoxamine kinase reaction	biolink:BiochemicalReaction	infores:pathwaymech
RHEA:15818	pyridoxamine 5'-phosphate oxidase reaction	biolink:BiochemicalReaction	infores:pathwaymech
RHEA:25109	pyridoxine kinase reaction	biolink:BiochemicalReaction	infores:pathwaymech
gomodel:YeastPathways_PYRUVDEHYD-PWY	pyruvate decarboxylation to acetyl CoA	biolink:Pathway	infores:pathwaymech
CHEBI:80218	Enzyme N6-(lipoyl)lysine	biolink:SmallMolecule	infores:pathwaymech
CHEBI:80404	[Dihydrolipoyllysine-residue acetyltransferase] S-acetyldihydrolipoyllysine	biolink:SmallMolecule	infores:pathwaymech
CHEBI:80219	Enzyme N6-(dihydrolipoyl)lysine	biolink:SmallMolecule	infores:pathwaymech
SGD:S000005015	LAT1 Scer	biolink:GeneOrGeneProduct	infores:pathwaymech
SGD:S000000425	PDB1 Scer	biolink:GeneOrGeneProduct	infores:pathwaymech
SGD:S000000980	PDA1 Scer	biolink:GeneOrGeneProduct	infores:pathwaymech
gomodel:YeastPathways_PYRUVDEHYD-PWY/6a4c244800000320	pyruvate dehydrogenase (acetyl-transferring) activity	biolink:BiochemicalReaction	infores:pathwaymech
gomodel:RXN0-1134	pyruvate + a [pyruvate dehydrogenase E2 protein] <i>N<sup>6</sup></i>-lipoyl-L-lysine + H<SUP>+</SUP> -> a [pyruvate dehydrogenase E2 protein] <i>N<sup>6</sup></i>-<i>S</i>-acetyldihydrolipoyl-L-lysine + CO<SUB>2</SUB>	biolink:BiochemicalReaction	infores:pathwaymech
gomodel:RXN0-1132	a [pyruvate dehydrogenase E2 protein] <i>N<sup>6</sup></i>-dihydrolipoyl-L-lysine + NAD<sup>+</sup> -> a [pyruvate dehydrogenase E2 protein] <i>N<sup>6</sup></i>-lipoyl-L-lysine + NADH + H<SUP>+</SUP>	biolink:BiochemicalReaction	infores:pathwaymech
gomodel:RXN0-1133	acetyl-CoA + a [pyruvate dehydrogenase E2 protein] <i>N<sup>6</sup></i>-dihydrolipoyl-L-lysine <- a [pyruvate dehydrogenase E2 protein] <i>N<sup>6</sup></i>-<i>S</i>-acetyldihydrolipoyl-L-lysine + coenzyme A	biolink:BiochemicalReaction	infores:pathwaymech
gomodel:YeastPathways_PWY3O-440	pyruvate fermentation to acetoin III	biolink:Pathway	infores:pathwaymech
CHEBI:15688	acetoin	biolink:SmallMolecule	infores:pathwaymech
gomodel:YeastPathways_PWY3O-440/6a46ef0600000822	pyruvate decarboxylase activity	biolink:BiochemicalReaction	infores:pathwaymech
gomodel:RXN-6161	pyruvate + H<SUP>+</SUP> -> acetaldehyde + CO<SUB>2</SUB>	biolink:BiochemicalReaction	infores:pathwaymech
gomodel:YeastPathways_PWY3O-440/6a46ef0600000890	pyruvate decarboxylase activity	biolink:BiochemicalReaction	infores:pathwaymech
gomodel:RXN0-2022	pyruvate + acetaldehyde + H<SUP>+</SUP> -> acetoin + CO<SUB>2</SUB>	biolink:BiochemicalReaction	infores:pathwaymech
gomodel:YeastPathways_PWY3O-440/6a46ef0600000876	pyruvate decarboxylase activity	biolink:BiochemicalReaction	infores:pathwaymech
gomodel:RXN3O-470	2 acetaldehyde -> acetoin	biolink:BiochemicalReaction	infores:pathwaymech
gomodel:YeastPathways_PWY3O-440/6a46ef0600000833	pyruvate decarboxylase activity	biolink:BiochemicalReaction	infores:pathwaymech
gomodel:YeastPathways_PWY3O-440/6a46ef0600000863	pyruvate decarboxylase activity	biolink:BiochemicalReaction	infores:pathwaymech
gomodel:YeastPathways_PWY3O-440/6a46ef0600000854	pyruvate decarboxylase activity	biolink:BiochemicalReaction	infores:pathwaymech
gomodel:YeastPathways_PWY-5041	S-adenosyl-L-methionine cycle II	biolink:Pathway	infores:pathwaymech
SGD:S000000893	MET6 Scer	biolink:GeneOrGeneProduct	infores:pathwaymech
SGD:S000004170	SAM1 Scer	biolink:GeneOrGeneProduct	infores:pathwaymech
SGD:S000000845	SAH1 Scer	biolink:GeneOrGeneProduct	infores:pathwaymech
SGD:S000002910	SAM2 Scer	biolink:GeneOrGeneProduct	infores:pathwaymech
gomodel:HOMOCYSMET-RXN	5-methyltetrahydropteroyltriglutamate-homocysteine S-methyltransferase activity	biolink:BiochemicalReaction	infores:pathwaymech
gomodel:S-ADENMETSYN-RXN	methionine adenosyltransferase activity	biolink:BiochemicalReaction	infores:pathwaymech
gomodel:ADENOSYLHOMOCYSTEINASE-RXN	adenosylhomocysteinase activity	biolink:BiochemicalReaction	infores:pathwaymech
gomodel:YeastPathways_PWY-5041/6a2b236300005409	SAM2 methionine adenosyltransferase activity	biolink:BiochemicalReaction	infores:pathwaymech
gomodel:YeastPathways_YEAST-RNT-SALV	salvage pathways of pyrimidine ribonucleotides	biolink:Pathway	infores:pathwaymech
CHEBI:17568	uracil	biolink:SmallMolecule	infores:pathwaymech
CHEBI:16040	cytosine	biolink:SmallMolecule	infores:pathwaymech
CHEBI:47013	D-ribofuranose	biolink:SmallMolecule	infores:pathwaymech
CHEBI:16704	uridine	biolink:SmallMolecule	infores:pathwaymech
SGD:S000002808	URH1 Scer	biolink:GeneOrGeneProduct	infores:pathwaymech
SGD:S000005295	URK1 Scer	biolink:GeneOrGeneProduct	infores:pathwaymech
CHEBI:17562	cytidine	biolink:SmallMolecule	infores:pathwaymech
CHEBI:58069	CDP(3-)	biolink:SmallMolecule	infores:pathwaymech
SGD:S000001507	URA6 Scer	biolink:GeneOrGeneProduct	infores:pathwaymech
SGD:S000006266	FCY1 Scer	biolink:GeneOrGeneProduct	infores:pathwaymech
SGD:S000004235	CDD1 Scer	biolink:GeneOrGeneProduct	infores:pathwaymech
CHEBI:57865	uridine 5'-monophosphate(2-)	biolink:SmallMolecule	infores:pathwaymech
SGD:S000001170	FUR1 Scer	biolink:GeneOrGeneProduct	infores:pathwaymech
gomodel:URACIL-PRIBOSYLTRANS-RXN	UMP + diphosphate <- 5-phospho-α-D-ribose 1-diphosphate + uracil	biolink:BiochemicalReaction	infores:pathwaymech
gomodel:URIDINE-NUCLEOSIDASE-RXN	uridine + H<sub>2</sub>O -> D-ribofuranose + uracil	biolink:BiochemicalReaction	infores:pathwaymech
gomodel:RXN0-361	cytidine + H<sub>2</sub>O -> D-ribofuranose + cytosine	biolink:BiochemicalReaction	infores:pathwaymech
gomodel:RXN-11832	CMP + ATP <=> CDP + ADP	biolink:BiochemicalReaction	infores:pathwaymech
gomodel:CYTDEAM-RXN	cytosine + H<sub>2</sub>O + H<SUP>+</SUP> -> uracil + ammonium	biolink:BiochemicalReaction	infores:pathwaymech
gomodel:URIDINEKIN-RXN	uridine + ATP -> UMP + ADP + H<SUP>+</SUP>	biolink:BiochemicalReaction	infores:pathwaymech
gomodel:CDPKIN-RXN	CDP + ATP -> CTP + ADP	biolink:BiochemicalReaction	infores:pathwaymech
gomodel:CYTIDINEKIN-RXN	cytidine + GTP -> CMP + GDP + H<SUP>+</SUP>	biolink:BiochemicalReaction	infores:pathwaymech
gomodel:CYTIDEAM2-RXN	cytidine + H<SUP>+</SUP> + H<sub>2</sub>O -> uridine + ammonium	biolink:BiochemicalReaction	infores:pathwaymech
gomodel:YeastPathways_PWY-5194-1	siroheme biosynthesis	biolink:Pathway	infores:pathwaymech
SGD:S000001777	MET1 Scer	biolink:GeneOrGeneProduct	infores:pathwaymech
CHEBI:58827	precorrin-2(7-)	biolink:SmallMolecule	infores:pathwaymech
SGD:S000000417	MET8 Scer	biolink:GeneOrGeneProduct	infores:pathwaymech
CHEBI:58351	sirohydrochlorin(8-)	biolink:SmallMolecule	infores:pathwaymech
CHEBI:60052	siroheme(8-)	biolink:SmallMolecule	infores:pathwaymech
gomodel:RXN-13403	uroporphyrin-III C-methyltransferase activity	biolink:BiochemicalReaction	infores:pathwaymech
gomodel:DIMETHUROPORDEHYDROG-RXN	precorrin-2 dehydrogenase activity	biolink:BiochemicalReaction	infores:pathwaymech
gomodel:SIROHEME-FERROCHELAT-RXN	sirohydrochlorin ferrochelatase activity	biolink:BiochemicalReaction	infores:pathwaymech
gomodel:YeastPathways_BSUBPOLYAMSYN-PWY	spermidine biosynthesis I	biolink:Pathway	infores:pathwaymech
SGD:S000005412	SPE2 Scer	biolink:GeneOrGeneProduct	infores:pathwaymech
SGD:S000006273	SPE3 Scer	biolink:GeneOrGeneProduct	infores:pathwaymech
CHEBI:57443	S-adenosylmethioninaminium	biolink:SmallMolecule	infores:pathwaymech
gomodel:SAMDECARB-RXN	adenosylmethionine decarboxylase activity	biolink:BiochemicalReaction	infores:pathwaymech
gomodel:SPERMIDINESYN-RXN	spermidine synthase activity	biolink:BiochemicalReaction	infores:pathwaymech
gomodel:YeastPathways_ARGSPECAT-PWY	spermine biosynthesis	biolink:Pathway	infores:pathwaymech
SGD:S000004136	SPE4 Scer	biolink:GeneOrGeneProduct	infores:pathwaymech
gomodel:SPERMINE-SYNTHASE-RXN	spermine synthase activity	biolink:BiochemicalReaction	infores:pathwaymech
gomodel:YeastPathways_SPHINGOLIPID-SYN-PWY-1	sphingolipid biosynthesis (yeast)	biolink:Pathway	infores:pathwaymech
CHEBI:57939	sphinganine 1-phosphate(1-)	biolink:SmallMolecule	infores:pathwaymech
CHEBI:31998	N-acylphytosphingosine	biolink:SmallMolecule	infores:pathwaymech
CHEBI:16749	1-phosphatidyl-1D-myo-inositol	biolink:SmallMolecule	infores:pathwaymech
SGD:S000002705	SUR2 Scer	biolink:GeneOrGeneProduct	infores:pathwaymech
SGD:S000001761	YSR3 Scer	biolink:GeneOrGeneProduct	infores:pathwaymech
CHEBI:57817	sphinganine(1+)	biolink:SmallMolecule	infores:pathwaymech
CHEBI:58299	3-dehydrosphinganinium(1+)	biolink:SmallMolecule	infores:pathwaymech
CHEBI:64795	phytosphingosine 1-phosphate(1-)	biolink:SmallMolecule	infores:pathwaymech
CHEBI:62682	inositol phosphomannosylinositol phosphoceramide	biolink:SmallMolecule	infores:pathwaymech
CHEBI:64124	phytosphingosine(1+)	biolink:SmallMolecule	infores:pathwaymech
CHEBI:61910	very long-chain fatty acyl-CoA	biolink:SmallMolecule	infores:pathwaymech
CHEBI:25168	mannosylinositol phosphorylceramide	biolink:SmallMolecule	infores:pathwaymech
SGD:S000001487	AUR1 Scer	biolink:GeneOrGeneProduct	infores:pathwaymech
CHEBI:18097	ferricytochrome b5	biolink:SmallMolecule	infores:pathwaymech
SGD:S000002702	DPL1 Scer	biolink:GeneOrGeneProduct	infores:pathwaymech
CHEBI:16518	ferrocytochrome b5	biolink:SmallMolecule	infores:pathwaymech
SGD:S000002479	IPT1 Scer	biolink:GeneOrGeneProduct	infores:pathwaymech
CHEBI:10283	2-hydroxy fatty acid	biolink:SmallMolecule	infores:pathwaymech
SGD:S000000469	TSC10 Scer	biolink:GeneOrGeneProduct	infores:pathwaymech
SGD:S000003670	LCB3 Scer	biolink:GeneOrGeneProduct	infores:pathwaymech
SGD:S000002469	LCB2 Scer	biolink:GeneOrGeneProduct	infores:pathwaymech
SGD:S000004911	LCB1 Scer	biolink:GeneOrGeneProduct	infores:pathwaymech
SGD:S000000387	YPC1 Scer	biolink:GeneOrGeneProduct	infores:pathwaymech
SGD:S000218096	CPX-1706 Scer	biolink:GeneOrGeneProduct	infores:pathwaymech
CHEBI:60245	inositol phosphoceramide	biolink:SmallMolecule	infores:pathwaymech
CHEBI:17600	hexadecanal	biolink:SmallMolecule	infores:pathwaymech
SGD:S000004250	LCB5 Scer	biolink:GeneOrGeneProduct	infores:pathwaymech
SGD:S000004885	SCS7 Scer	biolink:GeneOrGeneProduct	infores:pathwaymech
SGD:S000005697	LCB4 Scer	biolink:GeneOrGeneProduct	infores:pathwaymech
SGD:S000006008	YDC1 Scer	biolink:GeneOrGeneProduct	infores:pathwaymech
SGD:S000218211	CPX-1739 Scer	biolink:GeneOrGeneProduct	infores:pathwaymech
gomodel:SERINE-C-PALMITOYLTRANSFERASE-RXN	L-serine + palmitoyl-CoA + H<SUP>+</SUP> -> CO<SUB>2</SUB> + 3-dehydrosphinganine + coenzyme A	biolink:BiochemicalReaction	infores:pathwaymech
gomodel:DHS-PHOSPHATASE-RXN	sphinganine 1-phosphate + H<sub>2</sub>O -> D-<i>erythro</i>-sphinganine + phosphate	biolink:BiochemicalReaction	infores:pathwaymech
gomodel:YeastPathways_SPHINGOLIPID-SYN-PWY-1/6a4c244800006275	N-acylsphingosine amidohydrolase activity	biolink:BiochemicalReaction	infores:pathwaymech
gomodel:YeastPathways_SPHINGOLIPID-SYN-PWY-1/6a4c244800006260	sphingosine-1-phosphate phosphatase activity	biolink:BiochemicalReaction	infores:pathwaymech
gomodel:RXN3O-328	phytosphingosine + a very long chain fatty acyl-CoA -> a phytoceramide + coenzyme A + H<SUP>+</SUP>	biolink:BiochemicalReaction	infores:pathwaymech
gomodel:RXN3O-663	an inositol-phospho-α hydroxyphytoceramide + GDP-α-D-mannose -> a mannosyl-inositol-phospho-α hydroxyphytoceramide + GDP + H<SUP>+</SUP>	biolink:BiochemicalReaction	infores:pathwaymech
gomodel:YeastPathways_SPHINGOLIPID-SYN-PWY-1/6a4c244800006208	serine C-palmitoyltransferase activity	biolink:BiochemicalReaction	infores:pathwaymech
gomodel:3-DEHYDROSPHINGANINE-REDUCTASE-RXN	D-<i>erythro</i>-sphinganine + NADP<sup>+</sup> <- 3-dehydrosphinganine + NADPH + H<SUP>+</SUP>	biolink:BiochemicalReaction	infores:pathwaymech
gomodel:RXN3O-4042	a phytoceramide + 2 a ferrocytochrome <i>b<SUB>5</SUB></i> + oxygen + 2 H<SUP>+</SUP> -> a (2'R)-2'-hydroxy-phytoceramide + 2 a ferricytochrome <i>b<sub>5</sub></i> + H<sub>2</sub>O	biolink:BiochemicalReaction	infores:pathwaymech
gomodel:YeastPathways_SPHINGOLIPID-SYN-PWY-1/6a4c244800006292	sphingosine kinase activity	biolink:BiochemicalReaction	infores:pathwaymech
gomodel:RXN3O-680	a mannosyl-inositol-phospho-α hydroxyphytoceramide + a 1-phosphatidyl-1D-<i>myo</i>-inositol -> a mannosyl-diphosphoinositol-α hydroxyphytoceramide + a 1,2-diacyl-<i>sn</i>-glycerol	biolink:BiochemicalReaction	infores:pathwaymech
gomodel:RXN3O-1380	D-<i>erythro</i>-sphinganine + 2 a ferrocytochrome <i>b<SUB>5</SUB></i> + oxygen + 2 H<SUP>+</SUP> -> phytosphingosine + 2 a ferricytochrome <i>b<sub>5</sub></i> + H<sub>2</sub>O	biolink:BiochemicalReaction	infores:pathwaymech
gomodel:YeastPathways_SPHINGOLIPID-SYN-PWY-1/6a4c244800006241	sphingosine kinase activity	biolink:BiochemicalReaction	infores:pathwaymech
gomodel:YeastPathways_SPHINGOLIPID-SYN-PWY-1/6a4c244800006227	dihydrosphingosine-1-phosphate phosphatase activity	biolink:BiochemicalReaction	infores:pathwaymech
gomodel:RXN3O-458	phytosphingosine + ATP -> phytosphingosine 1-phosphate + ADP + H<SUP>+</SUP>	biolink:BiochemicalReaction	infores:pathwaymech
gomodel:RXN3O-581	a (2'R)-2'-hydroxy-phytoceramide + a 1-phosphatidyl-1D-<i>myo</i>-inositol -> an inositol-phospho-α hydroxyphytoceramide + a 1,2-diacyl-<i>sn</i>-glycerol	biolink:BiochemicalReaction	infores:pathwaymech
gomodel:SPHINGANINE-1-PHOSPHATE-ALDOLASE-RXN	sphinganine 1-phosphate -> palmitaldehyde + <i>O</i>-phosphoethanolamine	biolink:BiochemicalReaction	infores:pathwaymech
gomodel:CERAMIDASE-YEAST-RXN	a (2'R)-2'-hydroxy-phytoceramide + H<sub>2</sub>O <=> phytosphingosine + a 2-hydroxy fatty acid	biolink:BiochemicalReaction	infores:pathwaymech
gomodel:RXN3O-504	phytosphingosine 1-phosphate + H<sub>2</sub>O -> phytosphingosine + phosphate	biolink:BiochemicalReaction	infores:pathwaymech
gomodel:SPHINGANINE-KINASE-RXN	D-<i>erythro</i>-sphinganine + ATP -> sphinganine 1-phosphate + ADP + H<SUP>+</SUP>	biolink:BiochemicalReaction	infores:pathwaymech
gomodel:YeastPathways_PWY-5340	sulfate activation (for sulfonation)	biolink:Pathway	infores:pathwaymech
gomodel:YeastPathways_DETOX1-PWY	superoxide radicals degradation	biolink:Pathway	infores:pathwaymech
SGD:S000003865	SOD1 Scer	biolink:GeneOrGeneProduct	infores:pathwaymech
CHEBI:18421	superoxide	biolink:SmallMolecule	infores:pathwaymech
SGD:S000002664	CTA1 Scer	biolink:GeneOrGeneProduct	infores:pathwaymech
SGD:S000003320	CTT1 Scer	biolink:GeneOrGeneProduct	infores:pathwaymech
SGD:S000001050	SOD2 Scer	biolink:GeneOrGeneProduct	infores:pathwaymech
gomodel:SUPEROX-DISMUT-RXN	superoxide dismutase activity	biolink:BiochemicalReaction	infores:pathwaymech
gomodel:CATAL-RXN	catalase activity	biolink:BiochemicalReaction	infores:pathwaymech
gomodel:YeastPathways_DETOX1-PWY/6a4c244800000271	catalase activity	biolink:BiochemicalReaction	infores:pathwaymech
gomodel:YeastPathways_DETOX1-PWY/6a4c244800000257	superoxide dismutase activity	biolink:BiochemicalReaction	infores:pathwaymech
WikiPathways:WP296	TCA cycle - detailed	biolink:Pathway	infores:pathwaymech
CHEBI:30744	oxaloacetic acid	biolink:SmallMolecule	infores:pathwaymech
CHEBI:16947	citrate	biolink:SmallMolecule	infores:pathwaymech
CHEBI:16383	cis-aconitate	biolink:SmallMolecule	infores:pathwaymech
CHEBI:17976	ubiquinol	biolink:SmallMolecule	infores:pathwaymech
SGD:S000005284	citrate synthase 1	biolink:GeneOrGeneProduct	infores:pathwaymech
SGD:S000000598	citrate synthase 2	biolink:GeneOrGeneProduct	infores:pathwaymech
SGD:S000006205	citrate synthase 3	biolink:GeneOrGeneProduct	infores:pathwaymech
SGD:S000003736	aconitate hydratase	biolink:GeneOrGeneProduct	infores:pathwaymech
SGD:S000004295	aconitase	biolink:GeneOrGeneProduct	infores:pathwaymech
SGD:S000004982	isocitrate dehydrogenase 1	biolink:GeneOrGeneProduct	infores:pathwaymech
SGD:S000005662	isocitrate dehydrogenase 2	biolink:GeneOrGeneProduct	infores:pathwaymech
SGD:S000001387	2-ketoglutarate dehydrogenase	biolink:GeneOrGeneProduct	infores:pathwaymech
SGD:S000002555	dihydrolipoyl transsuccinylase	biolink:GeneOrGeneProduct	infores:pathwaymech
SGD:S000005668	succinyl-CoA ligase 1	biolink:GeneOrGeneProduct	infores:pathwaymech
SGD:S000003476	succinyl-CoA ligase 2	biolink:GeneOrGeneProduct	infores:pathwaymech
SGD:S000001624	succinate dehydrogenase 3	biolink:GeneOrGeneProduct	infores:pathwaymech
SGD:S000001631	succinate dehydrogenase 1	biolink:GeneOrGeneProduct	infores:pathwaymech
SGD:S000002585	succinate dehydrogenase 4	biolink:GeneOrGeneProduct	infores:pathwaymech
SGD:S000003964	succinate dehydrogenase 2	biolink:GeneOrGeneProduct	infores:pathwaymech
SGD:S000006183	fumarate hydratase	biolink:GeneOrGeneProduct	infores:pathwaymech
SGD:S000001568	mitochondrial malate dehydrogenase	biolink:GeneOrGeneProduct	infores:pathwaymech
SGD:S000002236	malate dehydrogenase	biolink:GeneOrGeneProduct	infores:pathwaymech
WikiPathways:WP296/id892d5e82	oxaloacetic acid to citrate GPML interaction	biolink:BiochemicalReaction	infores:pathwaymech
WikiPathways:WP296/id718be16e	citrate to cis-aconitate GPML interaction	biolink:BiochemicalReaction	infores:pathwaymech
WikiPathways:WP296/id21c76d83	cis-aconitate to D-threo-isocitrate GPML interaction	biolink:BiochemicalReaction	infores:pathwaymech
WikiPathways:WP296/ida3b8a465	D-threo-isocitrate to 2-oxoglutarate GPML interaction	biolink:BiochemicalReaction	infores:pathwaymech
WikiPathways:WP296/id238f9689	2-oxoglutarate to succinyl-CoA GPML interaction	biolink:BiochemicalReaction	infores:pathwaymech
WikiPathways:WP296/idaf5b761e	succinyl-CoA to succinate GPML interaction	biolink:BiochemicalReaction	infores:pathwaymech
WikiPathways:WP296/b7797	succinate to fumarate GPML interaction	biolink:BiochemicalReaction	infores:pathwaymech
WikiPathways:WP296/bec38	fumarate to malate GPML interaction	biolink:BiochemicalReaction	infores:pathwaymech
WikiPathways:WP296/c084d	malate to oxaloacetic acid GPML interaction	biolink:BiochemicalReaction	infores:pathwaymech
gomodel:YeastPathways_PWY-6614	tetrahydrofolate biosynthesis	biolink:Pathway	infores:pathwaymech
CHEBI:17839	7,8-dihydropteroate	biolink:SmallMolecule	infores:pathwaymech
SGD:S000004719	FOL3 Scer	biolink:GeneOrGeneProduct	infores:pathwaymech
gomodel:H2PTEROATESYNTH-RXN	dihydropteroate synthase activity	biolink:BiochemicalReaction	infores:pathwaymech
gomodel:DIHYDROFOLATESYNTH-RXN	dihydrofolate synthase activity	biolink:BiochemicalReaction	infores:pathwaymech
gomodel:YeastPathways_PWY3O-50	tetrapyrrole biosynthesis	biolink:Pathway	infores:pathwaymech
CHEBI:356416	5-ammoniolevulinate	biolink:SmallMolecule	infores:pathwaymech
SGD:S000002640	HEM1 Scer	biolink:GeneOrGeneProduct	infores:pathwaymech
SGD:S000002364	HEM3 Scer	biolink:GeneOrGeneProduct	infores:pathwaymech
SGD:S000003008	HEM2 Scer	biolink:GeneOrGeneProduct	infores:pathwaymech
CHEBI:58126	porphobilinogen(1-)	biolink:SmallMolecule	infores:pathwaymech
CHEBI:57845	preuroporphyrinogen(8-)	biolink:SmallMolecule	infores:pathwaymech
SGD:S000005804	HEM4 Scer	biolink:GeneOrGeneProduct	infores:pathwaymech
gomodel:5-AMINOLEVULINIC-ACID-SYNTHASE-RXN	glycine + succinyl-CoA + H<SUP>+</SUP> -> CO<SUB>2</SUB> + 5-aminolevulinate + coenzyme A	biolink:BiochemicalReaction	infores:pathwaymech
gomodel:UROGENIIISYN-RXN	preuroporphyrinogen -> uroporphyrinogen-III + H<sub>2</sub>O	biolink:BiochemicalReaction	infores:pathwaymech
gomodel:OHMETHYLBILANESYN-RXN	4 porphobilinogen + H<sub>2</sub>O -> 4 ammonium + preuroporphyrinogen	biolink:BiochemicalReaction	infores:pathwaymech
gomodel:PORPHOBILSYNTH-RXN	2 5-aminolevulinate -> porphobilinogen + H<SUP>+</SUP> + 2 H<sub>2</sub>O	biolink:BiochemicalReaction	infores:pathwaymech
gomodel:YeastPathways_PWY3O-17	thiamine biosynthesis	biolink:Pathway	infores:pathwaymech
SGD:S000006179	THI21 Scer	biolink:GeneOrGeneProduct	infores:pathwaymech
CHEBI:58296	4-methyl-5-(2-phosphonatooxyethyl)thiazole(2-)	biolink:SmallMolecule	infores:pathwaymech
CHEBI:37575	thiamine(1+) monophosphate(2-)	biolink:SmallMolecule	infores:pathwaymech
CHEBI:139151	ADP-5-ethyl-4-methylthiazole-2-carboxylate(3-)	biolink:SmallMolecule	infores:pathwaymech
SGD:S000005416	THI20 Scer	biolink:GeneOrGeneProduct	infores:pathwaymech
CHEBI:16892	4-amino-5-hydroxymethyl-2-methylpyrimidine	biolink:SmallMolecule	infores:pathwaymech
CHEBI:18385	thiamine(1+)	biolink:SmallMolecule	infores:pathwaymech
SGD:S000000296	PHO3 Scer	biolink:GeneOrGeneProduct	infores:pathwaymech
CHEBI:58937	thiamine(1+) diphosphate(3-)	biolink:SmallMolecule	infores:pathwaymech
CHEBI:57841	4-amino-2-methyl-5-diphosphonatooxymethylpyrimidine(3-)	biolink:SmallMolecule	infores:pathwaymech
SGD:S000005669	THI80 Scer	biolink:GeneOrGeneProduct	infores:pathwaymech
CHEBI:58354	4-amino-2-methyl-5-phosphonatooxymethylpyrimidine(2-)	biolink:SmallMolecule	infores:pathwaymech
SGD:S000003376	THI4 Scer	biolink:GeneOrGeneProduct	infores:pathwaymech
SGD:S000006135	THI6 Scer	biolink:GeneOrGeneProduct	infores:pathwaymech
SGD:S000002403	THI13 Scer	biolink:GeneOrGeneProduct	infores:pathwaymech
gomodel:RXNQT-4301	ADP-5-ethyl-4-methylthiazole-2-carboxylate + H2O -> AMP + 4-methyl-5-(2-phosphooxyethyl)thiazole + CO2 + H+	biolink:BiochemicalReaction	infores:pathwaymech
gomodel:PYRIMSYN3-RXN	phosphomethylpyrimidine kinase activity	biolink:BiochemicalReaction	infores:pathwaymech
gomodel:YeastPathways_PWY3O-17/6a4c244800007660	hydroxymethylpyrimidine kinase activity	biolink:BiochemicalReaction	infores:pathwaymech
gomodel:RXNQT-4191	thiamine phosphate phosphatase activity	biolink:BiochemicalReaction	infores:pathwaymech
gomodel:YeastPathways_PWY3O-17/6a4c244800007677	phosphomethylpyrimidine kinase activity	biolink:BiochemicalReaction	infores:pathwaymech
gomodel:RXN3O-401	cysteine-dependent adenosine diphosphate thiazole synthase activity	biolink:BiochemicalReaction	infores:pathwaymech
gomodel:OHMETPYRKIN-RXN	hydroxymethylpyrimidine kinase activity	biolink:BiochemicalReaction	infores:pathwaymech
gomodel:THI-P-SYN-RXN	thiamine-phosphate diphosphorylase activity	biolink:BiochemicalReaction	infores:pathwaymech
gomodel:RXN3O-9804	4-amino-5-hydroxymethyl-2-methylpyrimidine phosphate synthase activity from histidine and PLP	biolink:BiochemicalReaction	infores:pathwaymech
gomodel:THIAMIN-PYROPHOSPHOKINASE-RXN	thiamine diphosphokinase activity	biolink:BiochemicalReaction	infores:pathwaymech
gomodel:YeastPathways_THREOCAT2-PWY	threonine degradation	biolink:Pathway	infores:pathwaymech
SGD:S000000569	CHA1 Scer	biolink:GeneOrGeneProduct	infores:pathwaymech
gomodel:THREDEHYD2-RXN	threonine deaminase activity	biolink:BiochemicalReaction	infores:pathwaymech
gomodel:YeastPathways_PWY-5123	trans, trans-farnesyl diphosphate biosynthesis	biolink:Pathway	infores:pathwaymech
MetaCyc:TRESYN-PWY	trehalose biosynthesis I	biolink:Pathway	infores:pathwaymech
EC:2.4.1.15	alpha,alpha-trehalose-phosphate synthase (UDP-forming)	biolink:MolecularActivity	infores:pathwaymech
EC:3.1.3.12	trehalose-phosphatase	biolink:MolecularActivity	infores:pathwaymech
CHEBI:58429	alpha,alpha-trehalose 6-phosphate	biolink:SmallMolecule	infores:pathwaymech
RHEA:18890	trehalose-6-phosphate synthase reaction	biolink:BiochemicalReaction	infores:pathwaymech
RHEA:23421	trehalose-6-phosphate phosphatase reaction	biolink:BiochemicalReaction	infores:pathwaymech
WikiPathways:WP266	Triglyceride biosynthesis	biolink:Pathway	infores:pathwaymech
CHEBI:64615	triacyl-sn-glycerol	biolink:SmallMolecule	infores:pathwaymech
WikiPathways:WP266/idc8402cc8	sn-glycerol 3-phosphate to 1-acyl-sn-glycerol 3-phosphate GPML interaction	biolink:BiochemicalReaction	infores:pathwaymech
WikiPathways:WP266/id85e34cbe	1-acyl-sn-glycerol 3-phosphate to 1,2-diacyl-sn-glycerol 3-phosphate GPML interaction	biolink:BiochemicalReaction	infores:pathwaymech
WikiPathways:WP266/id60909eec	1,2-diacyl-sn-glycerol 3-phosphate to 1,2-diacyl-sn-glycerol GPML interaction	biolink:BiochemicalReaction	infores:pathwaymech
WikiPathways:WP266/id1cd7ea26	1,2-diacyl-sn-glycerol to triacyl-sn-glycerol GPML interaction	biolink:BiochemicalReaction	infores:pathwaymech
WikiPathways:WP266/id3bcd2f4	1,2-diacyl-sn-glycerol to triacyl-sn-glycerol GPML interaction	biolink:BiochemicalReaction	infores:pathwaymech
gomodel:YeastPathways_PWY3O-214	tryptophan degradation	biolink:Pathway	infores:pathwaymech
CHEBI:18086	indol-3-ylacetaldehyde	biolink:SmallMolecule	infores:pathwaymech
CHEBI:17890	tryptophol	biolink:SmallMolecule	infores:pathwaymech
CHEBI:17640	3-(indol-3-yl)pyruvate	biolink:SmallMolecule	infores:pathwaymech
gomodel:YeastPathways_PWY3O-214/65692e7e00000708	indole-3-acetaldehyde reductase (NADH) activity	biolink:BiochemicalReaction	infores:pathwaymech
gomodel:4.1.1.74-RXN	(indol-3-yl)pyruvate + H<SUP>+</SUP> -> CO<SUB>2</SUB> + (indol-3-yl)acetaldehyde	biolink:BiochemicalReaction	infores:pathwaymech
gomodel:1.1.1.190-RXN	indole-3-ethanol + NAD<sup>+</sup> ← (indol-3-yl)acetaldehyde + NADH + H<SUP>+</SUP>	biolink:BiochemicalReaction	infores:pathwaymech
gomodel:YeastPathways_PWY3O-214/65692e7e00000660	indole-3-acetaldehyde reductase (NADH) activity	biolink:BiochemicalReaction	infores:pathwaymech
gomodel:YeastPathways_PWY3O-214/65692e7e00000669	indole-3-acetaldehyde reductase (NADH) activity	biolink:BiochemicalReaction	infores:pathwaymech
gomodel:YeastPathways_PWY3O-214/65692e7e00000694	indole-3-acetaldehyde reductase (NADH) activity	biolink:BiochemicalReaction	infores:pathwaymech
gomodel:YeastPathways_PWY3O-214/65692e7e00000627	indolepyruvate decarboxylase activity	biolink:BiochemicalReaction	infores:pathwaymech
gomodel:YeastPathways_PWY3O-214/65692e7e00000701	indole-3-acetaldehyde reductase (NADH) activity	biolink:BiochemicalReaction	infores:pathwaymech
gomodel:YeastPathways_PWY3O-214/65692e7e00000621	indolepyruvate decarboxylase activity	biolink:BiochemicalReaction	infores:pathwaymech
gomodel:TRYPTOPHAN-AMINOTRANSFERASE-RXN	2-oxoglutarate + L-tryptophan <=> L-glutamate + (indol-3-yl)pyruvate	biolink:BiochemicalReaction	infores:pathwaymech
gomodel:YeastPathways_PWY3O-214/65692e7e00000633	indolepyruvate decarboxylase activity	biolink:BiochemicalReaction	infores:pathwaymech
gomodel:2.6.1.28-RXN	L-tryptophan + 3-phenyl-2-oxopropanoate <=> (indol-3-yl)pyruvate + L-phenylalanine	biolink:BiochemicalReaction	infores:pathwaymech
gomodel:YeastPathways_PWY3O-4120	tyrosine biosynthesis	biolink:Pathway	infores:pathwaymech
SGD:S000000370	TYR1 Scer	biolink:GeneOrGeneProduct	infores:pathwaymech
gomodel:PREPHENATE-DEHYDROGENASE-NADP+-RXN	prephenate + NADP<sup>+</sup> -> CO<SUB>2</SUB> + 3-(4-hydroxyphenyl)pyruvate + NADPH	biolink:BiochemicalReaction	infores:pathwaymech
WikiPathways:WP287	Ubiquinol-6 biosynthesis from 4-hydroxybenzoate	biolink:Pathway	infores:pathwaymech
CHEBI:30763	4-hydroxybenzoate	biolink:SmallMolecule	infores:pathwaymech
CHEBI:84492	3-hexaprenyl-4-hydroxybenzoate	biolink:SmallMolecule	infores:pathwaymech
CHEBI:58373	3,4-dihydroxy-5-all-trans-hexaprenylbenzoate	biolink:SmallMolecule	infores:pathwaymech
CHEBI:57916	3-methoxy-4-hydroxy-5-all-trans-hexaprenylbenzoate	biolink:SmallMolecule	infores:pathwaymech
CHEBI:1109	2-hexaprenyl-6-methoxyphenol	biolink:SmallMolecule	infores:pathwaymech
CHEBI:61472	2-methoxy-6-all-trans-hexaprenyl-1,4-benzoquinol	biolink:SmallMolecule	infores:pathwaymech
CHEBI:61473	6-methoxy-3-methyl-2-all-trans-hexaprenyl-1,4-benzoquinol	biolink:SmallMolecule	infores:pathwaymech
CHEBI:64253	3-demethylubiquinol-6	biolink:SmallMolecule	infores:pathwaymech
WikiPathways:WP287/id46b5e257	4-hydroxybenzoate to 3-hexaprenyl-4-hydroxybenzoate GPML interaction	biolink:BiochemicalReaction	infores:pathwaymech
WikiPathways:WP287/id4c332e28	3-hexaprenyl-4-hydroxybenzoate to 3,4-dihydroxy-5-all-trans-hexaprenylbenzoate GPML interaction	biolink:BiochemicalReaction	infores:pathwaymech
WikiPathways:WP287/id646fb25b	3,4-dihydroxy-5-all-trans-hexaprenylbenzoate to 3-methoxy-4-hydroxy-5-all-trans-hexaprenylbenzoate GPML interaction	biolink:BiochemicalReaction	infores:pathwaymech
WikiPathways:WP287/id55520bdd	3-methoxy-4-hydroxy-5-all-trans-hexaprenylbenzoate to 2-hexaprenyl-6-methoxyphenol GPML interaction	biolink:BiochemicalReaction	infores:pathwaymech
WikiPathways:WP287/id74367dd4	2-hexaprenyl-6-methoxyphenol to 2-methoxy-6-all-trans-hexaprenyl-1,4-benzoquinol GPML interaction	biolink:BiochemicalReaction	infores:pathwaymech
WikiPathways:WP287/id1105b8d9	2-methoxy-6-all-trans-hexaprenyl-1,4-benzoquinol to 6-methoxy-3-methyl-2-all-trans-hexaprenyl-1,4-benzoquinol GPML interaction	biolink:BiochemicalReaction	infores:pathwaymech
WikiPathways:WP287/idac01794e	6-methoxy-3-methyl-2-all-trans-hexaprenyl-1,4-benzoquinol to 3-demethylubiquinol-6 GPML interaction	biolink:BiochemicalReaction	infores:pathwaymech
WikiPathways:WP287/id86d34e80	3-demethylubiquinol-6 to ubiquinol-6 GPML interaction	biolink:BiochemicalReaction	infores:pathwaymech
gomodel:YeastPathways_UDPNAGSYN-YEAST-PWY	UDP-N-acetylglucosamine biosynthesis	biolink:Pathway	infores:pathwaymech
SGD:S000001587	GFA1 Scer	biolink:GeneOrGeneProduct	infores:pathwaymech
SGD:S000001877	GNA1 Scer	biolink:GeneOrGeneProduct	infores:pathwaymech
SGD:S000000784	PCM1 Scer	biolink:GeneOrGeneProduct	infores:pathwaymech
SGD:S000002261	QRI1 Scer	biolink:GeneOrGeneProduct	infores:pathwaymech
CHEBI:16084	beta-D-fructofuranose 6-phosphate	biolink:SmallMolecule	infores:pathwaymech
CHEBI:12962	D-glucosamine 6-phosphate	biolink:SmallMolecule	infores:pathwaymech
CHEBI:16015	L-glutamic acid	biolink:SmallMolecule	infores:pathwaymech
CHEBI:15784	N-acetyl-D-glucosamine 6-phosphate	biolink:SmallMolecule	infores:pathwaymech
CHEBI:15346	coenzyme A	biolink:SmallMolecule	infores:pathwaymech
CHEBI:15713	UTP	biolink:SmallMolecule	infores:pathwaymech
gomodel:L-GLN-FRUCT-6-P-AMINOTRANS-RXN	L-glutamine:D-fructose-6-phosphate transaminase (isomerizing) activity	biolink:BiochemicalReaction	infores:pathwaymech
gomodel:GLUCOSAMINEPNACETYLTRANS-RXN	glucosamine 6-phosphate N-acetyltransferase activity	biolink:BiochemicalReaction	infores:pathwaymech
gomodel:PHOSACETYLGLUCOSAMINEMUT-RXN	phosphoacetylglucosamine mutase activity	biolink:BiochemicalReaction	infores:pathwaymech
gomodel:NAG1P-URIDYLTRANS-RXN	UDP-N-acetylglucosamine diphosphorylase activity	biolink:BiochemicalReaction	infores:pathwaymech
MetaCyc:PWY-5686	UMP biosynthesis I	biolink:Pathway	infores:pathwaymech
EC:6.3.5.5	carbamoyl-phosphate synthase (glutamine-hydrolysing)	biolink:MolecularActivity	infores:pathwaymech
EC:2.1.3.2	aspartate carbamoyltransferase	biolink:MolecularActivity	infores:pathwaymech
EC:3.5.2.3	dihydroorotase	biolink:MolecularActivity	infores:pathwaymech
EC:1.3.5.2	dihydroorotate dehydrogenase (quinone)	biolink:MolecularActivity	infores:pathwaymech
EC:2.4.2.10	orotate phosphoribosyltransferase	biolink:MolecularActivity	infores:pathwaymech
EC:4.1.1.23	orotidine-5'-phosphate decarboxylase	biolink:MolecularActivity	infores:pathwaymech
CHEBI:32814	N-carbamoyl-L-aspartate	biolink:SmallMolecule	infores:pathwaymech
CHEBI:30864	(S)-dihydroorotate	biolink:SmallMolecule	infores:pathwaymech
CHEBI:132124	a quinone	biolink:SmallMolecule	infores:pathwaymech
CHEBI:30839	orotate	biolink:SmallMolecule	infores:pathwaymech
CHEBI:24646	a quinol	biolink:SmallMolecule	infores:pathwaymech
CHEBI:57538	orotidine 5'-phosphate	biolink:SmallMolecule	infores:pathwaymech
RHEA:18634	carbamoyl-phosphate synthase reaction	biolink:BiochemicalReaction	infores:pathwaymech
RHEA:20014	aspartate carbamoyltransferase reaction	biolink:BiochemicalReaction	infores:pathwaymech
RHEA:24298	dihydroorotase reaction	biolink:BiochemicalReaction	infores:pathwaymech
RHEA:30188	dihydroorotate dehydrogenase quinone reaction	biolink:BiochemicalReaction	infores:pathwaymech
RHEA:10382	orotate phosphoribosyltransferase reaction	biolink:BiochemicalReaction	infores:pathwaymech
RHEA:11597	orotidine-5'-phosphate decarboxylase reaction	biolink:BiochemicalReaction	infores:pathwaymech
gomodel:YeastPathways_PWY-5703	urea degradation I	biolink:Pathway	infores:pathwaymech
SGD:S000000412	DUR12 Scer	biolink:GeneOrGeneProduct	infores:pathwaymech
CHEBI:15422	ATP	biolink:SmallMolecule	infores:pathwaymech
CHEBI:16761	ADP	biolink:SmallMolecule	infores:pathwaymech
CHEBI:15832	urea-1-carboxylate	biolink:SmallMolecule	infores:pathwaymech
CHEBI:26020	phosphate	biolink:SmallMolecule	infores:pathwaymech
gomodel:UREA-CARBOXYLASE-RXN	urea carboxylase activity	biolink:BiochemicalReaction	infores:pathwaymech
gomodel:ALLOPHANATE-HYDROLASE-RXN	allophanate hydrolase activity	biolink:BiochemicalReaction	infores:pathwaymech
gomodel:YeastPathways_PWY-7176	UTP and CTP de novo biosynthesis	biolink:Pathway	infores:pathwaymech
SGD:S000003864	URA8 Scer	biolink:GeneOrGeneProduct	infores:pathwaymech
SGD:S000000135	URA7 Scer	biolink:GeneOrGeneProduct	infores:pathwaymech
gomodel:RXN-12002	ATP + UMP -> ADP + UDP	biolink:BiochemicalReaction	infores:pathwaymech
gomodel:UDPKIN-RXN	nucleoside diphosphate kinase activity	biolink:BiochemicalReaction	infores:pathwaymech
gomodel:CTPSYN-RXN	CTP synthase activity	biolink:BiochemicalReaction	infores:pathwaymech
gomodel:YeastPathways_PWY-7176/6a4c244800000283	CTP synthase activity	biolink:BiochemicalReaction	infores:pathwaymech
gomodel:YeastPathways_PWY3O-4105	valine degradation	biolink:Pathway	infores:pathwaymech
CHEBI:48943	isobutyraldehyde	biolink:SmallMolecule	infores:pathwaymech
CHEBI:46645	isobutanol	biolink:SmallMolecule	infores:pathwaymech
gomodel:YeastPathways_PWY3O-4105/6a4c244800003112	pyruvate decarboxylase activity	biolink:BiochemicalReaction	infores:pathwaymech
gomodel:YeastPathways_PWY3O-4105/6a4c244800003202	alcohol dehydrogenase (NAD+) activity	biolink:BiochemicalReaction	infores:pathwaymech
gomodel:RXN3O-4133	3-methyl-2-oxobutanoate -> isobutanal + CO<SUB>2</SUB>	biolink:BiochemicalReaction	infores:pathwaymech
gomodel:YeastPathways_PWY3O-4105/6a4c244800003142	alcohol dehydrogenase (NAD+) activity	biolink:BiochemicalReaction	infores:pathwaymech
gomodel:BRANCHED-CHAINAMINOTRANSFERVAL-RXN	L-valine + 2-oxoglutarate <=> L-glutamate + 3-methyl-2-oxobutanoate	biolink:BiochemicalReaction	infores:pathwaymech
gomodel:YeastPathways_PWY3O-4105/6a4c244800003097	L-isoleucine:2-oxoglutarate transaminase activity	biolink:BiochemicalReaction	infores:pathwaymech
gomodel:YeastPathways_PWY3O-4105/6a4c244800003163	alcohol dehydrogenase (NAD+) activity	biolink:BiochemicalReaction	infores:pathwaymech
gomodel:YeastPathways_PWY3O-4105/6a4c244800003124	pyruvate decarboxylase activity	biolink:BiochemicalReaction	infores:pathwaymech
gomodel:YeastPathways_PWY3O-4105/6a4c244800003220	alcohol dehydrogenase (NAD+) activity	biolink:BiochemicalReaction	infores:pathwaymech
gomodel:YeastPathways_PWY3O-4105/6a4c244800003183	alcohol dehydrogenase (NAD+) activity	biolink:BiochemicalReaction	infores:pathwaymech
gomodel:RXN3O-4141	isobutanal + NADH -> isobutanol + NAD<sup>+</sup>	biolink:BiochemicalReaction	infores:pathwaymech
gomodel:YeastPathways_PWY-5080-1	very long chain fatty acid biosynthesis I	biolink:Pathway	infores:pathwaymech
SGD:S000000630	ELO2 Scer	biolink:GeneOrGeneProduct	infores:pathwaymech
SGD:S000002173	TSC13 Scer	biolink:GeneOrGeneProduct	infores:pathwaymech
CHEBI:65260	3-hydroxyacyl-CoA	biolink:SmallMolecule	infores:pathwaymech
SGD:S000000363	IFA38 Scer	biolink:GeneOrGeneProduct	infores:pathwaymech
SGD:S000004364	ELO3 Scer	biolink:GeneOrGeneProduct	infores:pathwaymech
CHEBI:57384	malonyl-CoA(5-)	biolink:SmallMolecule	infores:pathwaymech
SGD:S000003633	PHS1 Scer	biolink:GeneOrGeneProduct	infores:pathwaymech
gomodel:RXN3O-9811	a long-chain acyl-CoA + malonyl-CoA -> a 3-oxoacyl-CoA + CO<SUB>2</SUB> + coenzyme A	biolink:BiochemicalReaction	infores:pathwaymech
gomodel:RXN3O-9814	a <i>trans</i>-2-enoyl-CoA + NADPH + H<SUP>+</SUP> -> a long-chain acyl-CoA + NADP<sup>+</sup>	biolink:BiochemicalReaction	infores:pathwaymech
gomodel:RXN3O-9813	a 3-hydroxyacyl-CoA -> a <i>trans</i>-2-enoyl-CoA + H<sub>2</sub>O	biolink:BiochemicalReaction	infores:pathwaymech
gomodel:RXN3O-9812	a 3-oxoacyl-CoA + NADPH + H<SUP>+</SUP> -> a 3-hydroxyacyl-CoA + NADP<sup>+</sup>	biolink:BiochemicalReaction	infores:pathwaymech
gomodel:YeastPathways_PWY-5080-1/6a2b236300005423	fatty acid elongase activity	biolink:BiochemicalReaction	infores:pathwaymech
gomodel:YeastPathways_PWY3O-8	xylose metabolism	biolink:Pathway	infores:pathwaymech
SGD:S000004060	XYL2 Scer	biolink:GeneOrGeneProduct	infores:pathwaymech
CHEBI:53455	D-xylopyranose	biolink:SmallMolecule	infores:pathwaymech
SGD:S000001146	GRE3 Scer	biolink:GeneOrGeneProduct	infores:pathwaymech
CHEBI:17151	xylitol	biolink:SmallMolecule	infores:pathwaymech
gomodel:RXN-8773	xylitol + NADP<sup>+</sup> <=> D-xylopyranose + NADPH + H<SUP>+</SUP>	biolink:BiochemicalReaction	infores:pathwaymech
gomodel:D-XYLULOSE-REDUCTASE-RXN	xylitol + NAD<sup>+</sup> -> D-xylulose + NADH + H<SUP>+</SUP>	biolink:BiochemicalReaction	infores:pathwaymech
gomodel:YeastPathways_PWY-6074-1	zymosterol biosynthesis	biolink:Pathway	infores:pathwaymech
CHEBI:136486	3-dehydro-4alpha-methylzymosterol	biolink:SmallMolecule	infores:pathwaymech
CHEBI:143575	4alpha-carboxyzymosterol(1-)	biolink:SmallMolecule	infores:pathwaymech
CHEBI:146130	4alpha-hydroxymethylzymosterol	biolink:SmallMolecule	infores:pathwaymech
CHEBI:146131	4alpha-formylzymosterol	biolink:SmallMolecule	infores:pathwaymech
CHEBI:16521	lanosterol	biolink:SmallMolecule	infores:pathwaymech
CHEBI:17813	4,4-dimethyl-5alpha-cholesta-8,14,24-trien-3beta-ol	biolink:SmallMolecule	infores:pathwaymech
CHEBI:18364	14-demethyllanosterol	biolink:SmallMolecule	infores:pathwaymech
CHEBI:1949	4alpha-methylzymosterol	biolink:SmallMolecule	infores:pathwaymech
CHEBI:52386	zymosterone	biolink:SmallMolecule	infores:pathwaymech
CHEBI:64925	4beta-methylzymosterol-4alpha-carboxylate	biolink:SmallMolecule	infores:pathwaymech
CHEBI:87287	4beta-methylzymosterol-4-carbaldehyde	biolink:SmallMolecule	infores:pathwaymech
CHEBI:87289	4alpha-hydroxymethyl-4beta-methylzymosterol	biolink:SmallMolecule	infores:pathwaymech
SGD:S000002969	ERG26 Scer	biolink:GeneOrGeneProduct	infores:pathwaymech
SGD:S000003292	ERG25 Scer	biolink:GeneOrGeneProduct	infores:pathwaymech
SGD:S000001049	ERG11 Scer	biolink:GeneOrGeneProduct	infores:pathwaymech
SGD:S000004090	ERG27 Scer	biolink:GeneOrGeneProduct	infores:pathwaymech
SGD:S000005224	ERG24 Scer	biolink:GeneOrGeneProduct	infores:pathwaymech
gomodel:RXN3O-9826	C-4 methylsterol oxidase activity	biolink:BiochemicalReaction	infores:pathwaymech
gomodel:RXN3O-9820	sterol 14-demethylase activity	biolink:BiochemicalReaction	infores:pathwaymech
gomodel:RXN3O-9821	C-4 methylsterol oxidase activity	biolink:BiochemicalReaction	infores:pathwaymech
gomodel:RXN66-314	3-beta-hydroxysteroid 3-dehydrogenase (NADP+) activity	biolink:BiochemicalReaction	infores:pathwaymech
gomodel:RXN66-319	3-beta-hydroxysteroid 3-dehydrogenase (NADP+) activity	biolink:BiochemicalReaction	infores:pathwaymech
gomodel:RXN3O-9824	C-4 methylsterol oxidase activity	biolink:BiochemicalReaction	infores:pathwaymech
gomodel:RXN66-306	Delta14-sterol reductase activity	biolink:BiochemicalReaction	infores:pathwaymech
gomodel:RXN66-313	3-beta-hydroxysteroid dehydrogenase [NAD(P)+]/C4-decarboxylase activity	biolink:BiochemicalReaction	infores:pathwaymech
gomodel:RXN3O-9823	C-4 methylsterol oxidase activity	biolink:BiochemicalReaction	infores:pathwaymech
gomodel:RXN3O-9825	C-4 methylsterol oxidase activity	biolink:BiochemicalReaction	infores:pathwaymech
gomodel:RXN3O-9822	C-4 methylsterol oxidase activity	biolink:BiochemicalReaction	infores:pathwaymech
gomodel:RXN66-318	3-beta-hydroxysteroid dehydrogenase [NAD(P)+]/C4-decarboxylase activity	biolink:BiochemicalReaction	infores:pathwaymech
